2026-09-04 18:00:25,007 INFO radar.collectors.radiosync: radiosync.ru: 27 страниц товаров
2026-09-04 18:01:10,830 INFO radar.collectors.m22: m22.ru: 126 страниц товаров в контуре
2026-09-04 18:12:03,025 INFO radar.db: migration applied: 002_market_observations
2026-09-04 18:14:27,929 WARNING radar.collectors.trends: Google Trends 429 — пауза 60 с
2026-09-04 18:20:49,313 WARNING radar.collectors.trends: Google Trends 429 — пауза 60 с
2026-09-04 21:34:22,106 INFO radar.collectors.wildberries: WB «радиогид»: 30 товаров, 30 релевантных
2026-09-04 21:34:43,401 INFO radar.collectors.wildberries: WB «радиогид система для экскурсий»: 30 товаров, 30 релевантных
2026-09-04 21:35:04,977 INFO radar.collectors.wildberries: WB «аудиогид для музея»: 30 товаров, 29 релевантных
2026-09-04 21:35:45,931 INFO radar.collectors.wildberries: WB «одноразовые наушники для экскурсий»: 12 товаров, 12 релевантных
2026-09-04 21:36:07,556 INFO radar.collectors.wildberries: WB «система синхронного перевода»: 30 товаров, 29 релевантных
2026-09-04 21:36:28,701 INFO radar.collectors.wildberries: WB «приемник радиогид»: 30 товаров, 29 релевантных
2026-09-04 21:36:29,234 WARNING radar.collectors.zakupki: zakupki.gov.ru: сертификат не распознан системой, повтор без проверки (только чтение)
2026-09-04 21:36:31,653 INFO radar.collectors.zakupki: zakupki «радиогид»: 40 записей
2026-09-04 21:37:33,171 WARNING radar.collectors.zakupki: zakupki.gov.ru: сертификат не распознан системой, повтор без проверки (только чтение)
2026-09-04 21:37:38,252 INFO radar.collectors.zakupki: zakupki «аудиогид»: 40 записей
2026-09-04 21:38:41,275 WARNING radar.collectors.zakupki: zakupki.gov.ru: сертификат не распознан системой, повтор без проверки (только чтение)
2026-09-04 21:38:44,045 INFO radar.collectors.zakupki: zakupki «система синхронного перевода»: 40 записей
2026-09-04 21:39:45,507 WARNING radar.collectors.zakupki: zakupki.gov.ru: сертификат не распознан системой, повтор без проверки (только чтение)
2026-09-04 21:39:48,003 INFO radar.collectors.zakupki: zakupki «оборудование для экскурсий наушники»: 30 записей
2026-09-04 21:40:52,846 INFO radar.signals: signals: {'competitor_price_change': 3, 'appear_disappear': 0, 'new_category': 0, 'new_competitor': 0, 'multi_competitor': 11, 'price_vs_market': 10, 'demand': 3, 'new_use_case': 1, 'cross_site': 17, 'source_errors': 0}
2026-09-04 21:43:43,095 INFO radar.signals: signals: {'competitor_price_change': 0, 'appear_disappear': 0, 'new_category': 0, 'new_competitor': 0, 'multi_competitor': 11, 'price_vs_market': 0, 'demand': 1, 'new_use_case': 1, 'cross_site': 2, 'source_errors': 0}
2026-09-04 21:44:47,172 INFO radar.signals: signals: {'competitor_price_change': 0, 'appear_disappear': 0, 'new_category': 0, 'new_competitor': 0, 'multi_competitor': 11, 'price_vs_market': 0, 'demand': 0, 'new_use_case': 1, 'cross_site': 2, 'source_errors': 0}
2026-09-04 21:45:26,550 INFO radar.signals: signals: {'competitor_price_change': 0, 'appear_disappear': 0, 'new_category': 0, 'new_competitor': 0, 'multi_competitor': 11, 'price_vs_market': 5, 'demand': 0, 'new_use_case': 1, 'cross_site': 2, 'source_errors': 0}
2026-09-04 21:45:31,438 INFO apscheduler.scheduler: Adding job tentatively -- it will be properly scheduled when the scheduler starts
2026-09-04 21:45:31,438 INFO apscheduler.scheduler: Adding job tentatively -- it will be properly scheduled when the scheduler starts
2026-09-04 21:45:31,438 INFO apscheduler.scheduler: Adding job tentatively -- it will be properly scheduled when the scheduler starts
2026-09-04 21:45:31,438 INFO apscheduler.scheduler: Adding job tentatively -- it will be properly scheduled when the scheduler starts
2026-09-04 21:45:31,438 INFO apscheduler.scheduler: Added job "_run_job" to job store "default"
2026-09-04 21:45:31,438 INFO apscheduler.scheduler: Added job "_run_job" to job store "default"
2026-09-04 21:45:31,438 INFO apscheduler.scheduler: Added job "_run_job" to job store "default"
2026-09-04 21:45:31,438 INFO apscheduler.scheduler: Added job "_run_job" to job store "default"
2026-09-04 21:45:31,438 INFO apscheduler.scheduler: Scheduler started
2026-09-04 21:45:31,438 INFO radar.scheduler: scheduler started
2026-09-04 21:46:42,508 INFO radar.signals: signals: {'competitor_price_change': 0, 'appear_disappear': 0, 'new_category': 0, 'new_competitor': 0, 'multi_competitor': 11, 'price_vs_market': 6, 'demand': 0, 'new_use_case': 1, 'cross_site': 2, 'source_errors': 0}
2026-09-04 21:47:08,175 INFO radar.signals: signals: {'competitor_price_change': 0, 'appear_disappear': 0, 'new_category': 0, 'new_competitor': 0, 'multi_competitor': 11, 'price_vs_market': 11, 'demand': 0, 'new_use_case': 1, 'cross_site': 2, 'source_errors': 0}
2026-09-04 21:47:37,112 INFO radar.signals: signals: {'competitor_price_change': 0, 'appear_disappear': 0, 'new_category': 0, 'new_competitor': 0, 'multi_competitor': 11, 'price_vs_market': 11, 'demand': 0, 'new_use_case': 1, 'cross_site': 2, 'source_errors': 0}
2026-09-04 21:49:21,203 INFO radar.signals: signals: {'competitor_price_change': 0, 'appear_disappear': 0, 'new_category': 0, 'new_competitor': 0, 'multi_competitor': 0, 'price_vs_market': 10, 'demand': 0, 'new_use_case': 0, 'cross_site': 0, 'source_errors': 0}
2026-09-04 21:50:16,706 INFO radar.signals: signals: {'competitor_price_change': 0, 'appear_disappear': 0, 'new_category': 0, 'new_competitor': 0, 'multi_competitor': 11, 'price_vs_market': 10, 'demand': 0, 'new_use_case': 1, 'cross_site': 2, 'source_errors': 0}
2026-09-04 21:51:07,944 INFO radar.signals: signals: {'competitor_price_change': 0, 'appear_disappear': 0, 'new_category': 0, 'new_competitor': 0, 'multi_competitor': 11, 'price_vs_market': 10, 'demand': 0, 'new_use_case': 1, 'cross_site': 2, 'source_errors': 0}
2026-09-04 21:51:12,216 INFO apscheduler.scheduler: Adding job tentatively -- it will be properly scheduled when the scheduler starts
2026-09-04 21:51:12,216 INFO apscheduler.scheduler: Adding job tentatively -- it will be properly scheduled when the scheduler starts
2026-09-04 21:51:12,216 INFO apscheduler.scheduler: Adding job tentatively -- it will be properly scheduled when the scheduler starts
2026-09-04 21:51:12,216 INFO apscheduler.scheduler: Adding job tentatively -- it will be properly scheduled when the scheduler starts
2026-09-04 21:51:12,216 INFO apscheduler.scheduler: Added job "_run_job" to job store "default"
2026-09-04 21:51:12,216 INFO apscheduler.scheduler: Added job "_run_job" to job store "default"
2026-09-04 21:51:12,216 INFO apscheduler.scheduler: Added job "_run_job" to job store "default"
2026-09-04 21:51:12,226 INFO apscheduler.scheduler: Added job "_run_job" to job store "default"
2026-09-04 21:51:12,226 INFO apscheduler.scheduler: Scheduler started
2026-09-04 21:51:12,226 INFO radar.scheduler: scheduler started
2026-09-04 21:52:31,542 INFO radar.signals: signals: {'competitor_price_change': 0, 'appear_disappear': 0, 'new_category': 0, 'new_competitor': 0, 'multi_competitor': 1, 'price_vs_market': 0, 'demand': 0, 'new_use_case': 0, 'cross_site': 0, 'source_errors': 0}
2026-09-04 21:52:31,554 INFO radar.scheduler: job analyze: {'matching': {'competitor_products': 425, 'created': 2, 'updated': 752}, 'signals': {'competitor_price_change': 0, 'appear_disappear': 0, 'new_category': 0, 'new_competitor': 0, 'multi_competitor': 1, 'price_vs_market': 0, 'demand': 0, 'new_use_case': 0, 'cross_site': 0, 'source_errors': 0}, 'recommendations': 1, 'hypotheses': 0}
2026-09-04 21:54:14,992 INFO radar.signals: signals: {'competitor_price_change': 0, 'appear_disappear': 0, 'new_category': 0, 'new_competitor': 0, 'multi_competitor': 11, 'price_vs_market': 11, 'demand': 0, 'new_use_case': 1, 'cross_site': 2, 'source_errors': 0}
2026-09-05 09:50:15,339 INFO apscheduler.scheduler: Adding job tentatively -- it will be properly scheduled when the scheduler starts
2026-09-05 09:50:15,340 INFO apscheduler.scheduler: Adding job tentatively -- it will be properly scheduled when the scheduler starts
2026-09-05 09:50:15,340 INFO apscheduler.scheduler: Adding job tentatively -- it will be properly scheduled when the scheduler starts
2026-09-05 09:50:15,340 INFO apscheduler.scheduler: Adding job tentatively -- it will be properly scheduled when the scheduler starts
2026-09-05 09:50:15,341 INFO apscheduler.scheduler: Added job "_run_job" to job store "default"
2026-09-05 09:50:15,342 INFO apscheduler.scheduler: Added job "_run_job" to job store "default"
2026-09-05 09:50:15,342 INFO apscheduler.scheduler: Added job "_run_job" to job store "default"
2026-09-05 09:50:15,342 INFO apscheduler.scheduler: Added job "_run_job" to job store "default"
2026-09-05 09:50:15,342 INFO apscheduler.scheduler: Scheduler started
2026-09-05 09:50:15,343 INFO radar.scheduler: scheduler started
2026-09-06 16:42:58,005 INFO apscheduler.scheduler: Adding job tentatively -- it will be properly scheduled when the scheduler starts
2026-09-06 16:42:58,006 INFO apscheduler.scheduler: Adding job tentatively -- it will be properly scheduled when the scheduler starts
2026-09-06 16:42:58,007 INFO apscheduler.scheduler: Adding job tentatively -- it will be properly scheduled when the scheduler starts
2026-09-06 16:42:58,007 INFO apscheduler.scheduler: Adding job tentatively -- it will be properly scheduled when the scheduler starts
2026-09-06 16:42:58,009 INFO apscheduler.scheduler: Added job "_run_job" to job store "default"
2026-09-06 16:42:58,010 INFO apscheduler.scheduler: Added job "_run_job" to job store "default"
2026-09-06 16:42:58,010 INFO apscheduler.scheduler: Added job "_run_job" to job store "default"
2026-09-06 16:42:58,010 INFO apscheduler.scheduler: Added job "_run_job" to job store "default"
2026-09-06 16:42:58,010 INFO apscheduler.scheduler: Scheduler started
2026-09-06 16:42:58,011 INFO radar.scheduler: scheduler started
2026-09-06 16:53:51,660 INFO apscheduler.scheduler: Adding job tentatively -- it will be properly scheduled when the scheduler starts
2026-09-06 16:53:51,660 INFO apscheduler.scheduler: Adding job tentatively -- it will be properly scheduled when the scheduler starts
2026-09-06 16:53:51,660 INFO apscheduler.scheduler: Adding job tentatively -- it will be properly scheduled when the scheduler starts
2026-09-06 16:53:51,660 INFO apscheduler.scheduler: Adding job tentatively -- it will be properly scheduled when the scheduler starts
2026-09-06 16:53:51,660 INFO apscheduler.scheduler: Added job "_run_job" to job store "default"
2026-09-06 16:53:51,660 INFO apscheduler.scheduler: Added job "_run_job" to job store "default"
2026-09-06 16:53:51,660 INFO apscheduler.scheduler: Added job "_run_job" to job store "default"
2026-09-06 16:53:51,660 INFO apscheduler.scheduler: Added job "_run_job" to job store "default"
2026-09-06 16:53:51,660 INFO apscheduler.scheduler: Scheduler started
2026-09-06 16:53:51,660 INFO radar.scheduler: scheduler started
2026-09-06 17:17:52,867 INFO apscheduler.scheduler: Adding job tentatively -- it will be properly scheduled when the scheduler starts
2026-09-06 17:17:52,867 INFO apscheduler.scheduler: Adding job tentatively -- it will be properly scheduled when the scheduler starts
2026-09-06 17:17:52,867 INFO apscheduler.scheduler: Adding job tentatively -- it will be properly scheduled when the scheduler starts
2026-09-06 17:17:52,867 INFO apscheduler.scheduler: Adding job tentatively -- it will be properly scheduled when the scheduler starts
2026-09-06 17:17:52,867 INFO apscheduler.scheduler: Added job "_run_job" to job store "default"
2026-09-06 17:17:52,867 INFO apscheduler.scheduler: Added job "_run_job" to job store "default"
2026-09-06 17:17:52,867 INFO apscheduler.scheduler: Added job "_run_job" to job store "default"
2026-09-06 17:17:52,867 INFO apscheduler.scheduler: Added job "_run_job" to job store "default"
2026-09-06 17:17:52,867 INFO apscheduler.scheduler: Scheduler started
2026-09-06 17:17:52,867 INFO radar.scheduler: scheduler started
2026-09-06 17:18:01,263 INFO radar.signals: signals: {'competitor_price_change': 0, 'appear_disappear': 0, 'new_category': 0, 'new_competitor': 0, 'multi_competitor': 0, 'price_vs_market': 0, 'demand': 0, 'new_use_case': 0, 'cross_site': 0, 'source_errors': 0}
2026-09-06 17:27:25,926 INFO radar.db: migration applied: 003_competitor_images
2026-09-06 17:31:26,941 INFO radar.signals: signals: {'competitor_price_change': 0, 'appear_disappear': 0, 'new_category': 0, 'new_competitor': 0, 'multi_competitor': 0, 'price_vs_market': 0, 'demand': 0, 'new_use_case': 0, 'cross_site': 0, 'source_errors': 18}
2026-09-06 17:32:25,624 INFO radar.signals: signals: {'competitor_price_change': 0, 'appear_disappear': 0, 'new_category': 0, 'new_competitor': 9, 'multi_competitor': 11, 'price_vs_market': 0, 'demand': 0, 'new_use_case': 0, 'cross_site': 0, 'source_errors': 6}
2026-09-06 17:33:03,730 INFO radar.signals: signals: {'competitor_price_change': 0, 'appear_disappear': 0, 'new_category': 0, 'new_competitor': 0, 'multi_competitor': 10, 'price_vs_market': 0, 'demand': 0, 'new_use_case': 0, 'cross_site': 0, 'source_errors': 0}
2026-09-06 17:33:27,568 INFO apscheduler.scheduler: Adding job tentatively -- it will be properly scheduled when the scheduler starts
2026-09-06 17:33:27,569 INFO apscheduler.scheduler: Adding job tentatively -- it will be properly scheduled when the scheduler starts
2026-09-06 17:33:27,569 INFO apscheduler.scheduler: Adding job tentatively -- it will be properly scheduled when the scheduler starts
2026-09-06 17:33:27,570 INFO apscheduler.scheduler: Adding job tentatively -- it will be properly scheduled when the scheduler starts
2026-09-06 17:33:27,571 INFO apscheduler.scheduler: Added job "_run_job" to job store "default"
2026-09-06 17:33:27,571 INFO apscheduler.scheduler: Added job "_run_job" to job store "default"
2026-09-06 17:33:27,571 INFO apscheduler.scheduler: Added job "_run_job" to job store "default"
2026-09-06 17:33:27,571 INFO apscheduler.scheduler: Added job "_run_job" to job store "default"
2026-09-06 17:33:27,571 INFO apscheduler.scheduler: Scheduler started
2026-09-06 17:33:27,572 INFO radar.scheduler: scheduler started
2026-09-06 17:41:22,831 INFO apscheduler.scheduler: Adding job tentatively -- it will be properly scheduled when the scheduler starts
2026-09-06 17:41:22,832 INFO apscheduler.scheduler: Adding job tentatively -- it will be properly scheduled when the scheduler starts
2026-09-06 17:41:22,832 INFO apscheduler.scheduler: Adding job tentatively -- it will be properly scheduled when the scheduler starts
2026-09-06 17:41:22,833 INFO apscheduler.scheduler: Adding job tentatively -- it will be properly scheduled when the scheduler starts
2026-09-06 17:41:22,834 INFO apscheduler.scheduler: Added job "_run_job" to job store "default"
2026-09-06 17:41:22,834 INFO apscheduler.scheduler: Added job "_run_job" to job store "default"
2026-09-06 17:41:22,834 INFO apscheduler.scheduler: Added job "_run_job" to job store "default"
2026-09-06 17:41:22,834 INFO apscheduler.scheduler: Added job "_run_job" to job store "default"
2026-09-06 17:41:22,834 INFO apscheduler.scheduler: Scheduler started
2026-09-06 17:41:22,835 INFO radar.scheduler: scheduler started
2026-09-06 17:57:01,340 INFO radar.db: migration applied: 004_competitor_groups
2026-09-06 17:57:01,795 INFO radar.signals: signals: {'competitor_price_change': 0, 'appear_disappear': 0, 'new_category': 0, 'new_competitor': 0, 'multi_competitor': 8, 'price_vs_market': 0, 'demand': 0, 'new_use_case': 0, 'cross_site': 0, 'source_errors': 0}
2026-09-06 17:57:27,961 INFO apscheduler.scheduler: Adding job tentatively -- it will be properly scheduled when the scheduler starts
2026-09-06 17:57:27,962 INFO apscheduler.scheduler: Adding job tentatively -- it will be properly scheduled when the scheduler starts
2026-09-06 17:57:27,962 INFO apscheduler.scheduler: Adding job tentatively -- it will be properly scheduled when the scheduler starts
2026-09-06 17:57:27,963 INFO apscheduler.scheduler: Adding job tentatively -- it will be properly scheduled when the scheduler starts
2026-09-06 17:57:27,964 INFO apscheduler.scheduler: Added job "_run_job" to job store "default"
2026-09-06 17:57:27,964 INFO apscheduler.scheduler: Added job "_run_job" to job store "default"
2026-09-06 17:57:27,964 INFO apscheduler.scheduler: Added job "_run_job" to job store "default"
2026-09-06 17:57:27,964 INFO apscheduler.scheduler: Added job "_run_job" to job store "default"
2026-09-06 17:57:27,964 INFO apscheduler.scheduler: Scheduler started
2026-09-06 17:57:27,965 INFO radar.scheduler: scheduler started
2026-09-06 17:58:17,862 INFO apscheduler.scheduler: Adding job tentatively -- it will be properly scheduled when the scheduler starts
2026-09-06 17:58:17,863 INFO apscheduler.scheduler: Adding job tentatively -- it will be properly scheduled when the scheduler starts
2026-09-06 17:58:17,863 INFO apscheduler.scheduler: Adding job tentatively -- it will be properly scheduled when the scheduler starts
2026-09-06 17:58:17,863 INFO apscheduler.scheduler: Adding job tentatively -- it will be properly scheduled when the scheduler starts
2026-09-06 17:58:17,863 INFO apscheduler.scheduler: Added job "_run_job" to job store "default"
2026-09-06 17:58:17,865 INFO apscheduler.scheduler: Added job "_run_job" to job store "default"
2026-09-06 17:58:17,865 INFO apscheduler.scheduler: Added job "_run_job" to job store "default"
2026-09-06 17:58:17,865 INFO apscheduler.scheduler: Added job "_run_job" to job store "default"
2026-09-06 17:58:17,865 INFO apscheduler.scheduler: Scheduler started
2026-09-06 17:58:17,866 INFO radar.scheduler: scheduler started
2026-09-06 18:30:59,472 INFO apscheduler.scheduler: Adding job tentatively -- it will be properly scheduled when the scheduler starts
2026-09-06 18:30:59,473 INFO apscheduler.scheduler: Adding job tentatively -- it will be properly scheduled when the scheduler starts
2026-09-06 18:30:59,473 INFO apscheduler.scheduler: Adding job tentatively -- it will be properly scheduled when the scheduler starts
2026-09-06 18:30:59,473 INFO apscheduler.scheduler: Adding job tentatively -- it will be properly scheduled when the scheduler starts
2026-09-06 18:30:59,475 INFO apscheduler.scheduler: Added job "_run_job" to job store "default"
2026-09-06 18:30:59,475 INFO apscheduler.scheduler: Added job "_run_job" to job store "default"
2026-09-06 18:30:59,475 INFO apscheduler.scheduler: Added job "_run_job" to job store "default"
2026-09-06 18:30:59,475 INFO apscheduler.scheduler: Added job "_run_job" to job store "default"
2026-09-06 18:30:59,475 INFO apscheduler.scheduler: Scheduler started
2026-09-06 18:30:59,477 INFO radar.scheduler: scheduler started
2026-09-06 18:34:10,225 INFO radar.signals: signals: {'competitor_price_change': 0, 'appear_disappear': 0, 'new_category': 0, 'new_competitor': 0, 'multi_competitor': 8, 'price_vs_market': 0, 'demand': 0, 'new_use_case': 0, 'cross_site': 0, 'source_errors': 6}
2026-09-06 18:36:04,202 INFO radar.signals: signals: {'competitor_price_change': 0, 'appear_disappear': 0, 'new_category': 0, 'new_competitor': 0, 'multi_competitor': 8, 'price_vs_market': 0, 'demand': 0, 'new_use_case': 0, 'cross_site': 0, 'source_errors': 0}
2026-09-06 18:36:22,386 INFO apscheduler.scheduler: Adding job tentatively -- it will be properly scheduled when the scheduler starts
2026-09-06 18:36:22,387 INFO apscheduler.scheduler: Adding job tentatively -- it will be properly scheduled when the scheduler starts
2026-09-06 18:36:22,387 INFO apscheduler.scheduler: Adding job tentatively -- it will be properly scheduled when the scheduler starts
2026-09-06 18:36:22,387 INFO apscheduler.scheduler: Adding job tentatively -- it will be properly scheduled when the scheduler starts
2026-09-06 18:36:22,389 INFO apscheduler.scheduler: Added job "_run_job" to job store "default"
2026-09-06 18:36:22,389 INFO apscheduler.scheduler: Added job "_run_job" to job store "default"
2026-09-06 18:36:22,389 INFO apscheduler.scheduler: Added job "_run_job" to job store "default"
2026-09-06 18:36:22,389 INFO apscheduler.scheduler: Added job "_run_job" to job store "default"
2026-09-06 18:36:22,389 INFO apscheduler.scheduler: Scheduler started
2026-09-06 18:36:22,390 INFO radar.scheduler: scheduler started
2026-09-06 18:37:25,501 INFO apscheduler.scheduler: Adding job tentatively -- it will be properly scheduled when the scheduler starts
2026-09-06 18:37:25,502 INFO apscheduler.scheduler: Adding job tentatively -- it will be properly scheduled when the scheduler starts
2026-09-06 18:37:25,503 INFO apscheduler.scheduler: Adding job tentatively -- it will be properly scheduled when the scheduler starts
2026-09-06 18:37:25,503 INFO apscheduler.scheduler: Adding job tentatively -- it will be properly scheduled when the scheduler starts
2026-09-06 18:37:25,505 INFO apscheduler.scheduler: Added job "_run_job" to job store "default"
2026-09-06 18:37:25,505 INFO apscheduler.scheduler: Added job "_run_job" to job store "default"
2026-09-06 18:37:25,505 INFO apscheduler.scheduler: Added job "_run_job" to job store "default"
2026-09-06 18:37:25,505 INFO apscheduler.scheduler: Added job "_run_job" to job store "default"
2026-09-06 18:37:25,505 INFO apscheduler.scheduler: Scheduler started
2026-09-06 18:37:25,507 INFO radar.scheduler: scheduler started
2026-09-06 18:38:35,186 INFO apscheduler.scheduler: Adding job tentatively -- it will be properly scheduled when the scheduler starts
2026-09-06 18:38:35,187 INFO apscheduler.scheduler: Adding job tentatively -- it will be properly scheduled when the scheduler starts
2026-09-06 18:38:35,187 INFO apscheduler.scheduler: Adding job tentatively -- it will be properly scheduled when the scheduler starts
2026-09-06 18:38:35,187 INFO apscheduler.scheduler: Adding job tentatively -- it will be properly scheduled when the scheduler starts
2026-09-06 18:38:35,188 INFO apscheduler.scheduler: Added job "_run_job" to job store "default"
2026-09-06 18:38:35,188 INFO apscheduler.scheduler: Added job "_run_job" to job store "default"
2026-09-06 18:38:35,189 INFO apscheduler.scheduler: Added job "_run_job" to job store "default"
2026-09-06 18:38:35,189 INFO apscheduler.scheduler: Added job "_run_job" to job store "default"
2026-09-06 18:38:35,189 INFO apscheduler.scheduler: Scheduler started
2026-09-06 18:38:35,190 INFO radar.scheduler: scheduler started
2026-09-06 18:48:22,593 INFO radar.db: migration applied: 005_feedback
2026-09-06 18:48:28,556 INFO apscheduler.scheduler: Adding job tentatively -- it will be properly scheduled when the scheduler starts
2026-09-06 18:48:28,556 INFO apscheduler.scheduler: Adding job tentatively -- it will be properly scheduled when the scheduler starts
2026-09-06 18:48:28,557 INFO apscheduler.scheduler: Adding job tentatively -- it will be properly scheduled when the scheduler starts
2026-09-06 18:48:28,557 INFO apscheduler.scheduler: Adding job tentatively -- it will be properly scheduled when the scheduler starts
2026-09-06 18:48:28,558 INFO apscheduler.scheduler: Added job "_run_job" to job store "default"
2026-09-06 18:48:28,558 INFO apscheduler.scheduler: Added job "_run_job" to job store "default"
2026-09-06 18:48:28,558 INFO apscheduler.scheduler: Added job "_run_job" to job store "default"
2026-09-06 18:48:28,558 INFO apscheduler.scheduler: Added job "_run_job" to job store "default"
2026-09-06 18:48:28,558 INFO apscheduler.scheduler: Scheduler started
2026-09-06 18:48:28,559 INFO radar.scheduler: scheduler started
2026-09-06 19:01:56,114 INFO apscheduler.scheduler: Adding job tentatively -- it will be properly scheduled when the scheduler starts
2026-09-06 19:01:56,115 INFO apscheduler.scheduler: Adding job tentatively -- it will be properly scheduled when the scheduler starts
2026-09-06 19:01:56,115 INFO apscheduler.scheduler: Adding job tentatively -- it will be properly scheduled when the scheduler starts
2026-09-06 19:01:56,115 INFO apscheduler.scheduler: Adding job tentatively -- it will be properly scheduled when the scheduler starts
2026-09-06 19:01:56,117 INFO apscheduler.scheduler: Added job "_run_job" to job store "default"
2026-09-06 19:01:56,117 INFO apscheduler.scheduler: Added job "_run_job" to job store "default"
2026-09-06 19:01:56,117 INFO apscheduler.scheduler: Added job "_run_job" to job store "default"
2026-09-06 19:01:56,117 INFO apscheduler.scheduler: Added job "_run_job" to job store "default"
2026-09-06 19:01:56,117 INFO apscheduler.scheduler: Scheduler started
2026-09-06 19:01:56,118 INFO radar.scheduler: scheduler started
2026-09-06 19:03:43,765 INFO radar.signals: signals: {'competitor_price_change': 0, 'appear_disappear': 0, 'new_category': 0, 'new_competitor': 0, 'multi_competitor': 0, 'price_vs_market': 0, 'demand': 0, 'new_use_case': 0, 'cross_site': 0, 'source_errors': 0}
2026-09-06 19:03:49,245 INFO apscheduler.scheduler: Adding job tentatively -- it will be properly scheduled when the scheduler starts
2026-09-06 19:03:49,246 INFO apscheduler.scheduler: Adding job tentatively -- it will be properly scheduled when the scheduler starts
2026-09-06 19:03:49,247 INFO apscheduler.scheduler: Adding job tentatively -- it will be properly scheduled when the scheduler starts
2026-09-06 19:03:49,247 INFO apscheduler.scheduler: Adding job tentatively -- it will be properly scheduled when the scheduler starts
2026-09-06 19:03:49,248 INFO apscheduler.scheduler: Added job "_run_job" to job store "default"
2026-09-06 19:03:49,248 INFO apscheduler.scheduler: Added job "_run_job" to job store "default"
2026-09-06 19:03:49,249 INFO apscheduler.scheduler: Added job "_run_job" to job store "default"
2026-09-06 19:03:49,249 INFO apscheduler.scheduler: Added job "_run_job" to job store "default"
2026-09-06 19:03:49,249 INFO apscheduler.scheduler: Scheduler started
2026-09-06 19:03:49,250 INFO radar.scheduler: scheduler started
2026-09-06 19:05:45,308 INFO radar.signals: signals: {'competitor_price_change': 0, 'appear_disappear': 0, 'new_category': 0, 'new_competitor': 0, 'multi_competitor': 0, 'price_vs_market': 0, 'demand': 0, 'new_use_case': 0, 'cross_site': 0, 'source_errors': 0}
2026-09-06 19:05:49,004 INFO apscheduler.scheduler: Adding job tentatively -- it will be properly scheduled when the scheduler starts
2026-09-06 19:05:49,005 INFO apscheduler.scheduler: Adding job tentatively -- it will be properly scheduled when the scheduler starts
2026-09-06 19:05:49,005 INFO apscheduler.scheduler: Adding job tentatively -- it will be properly scheduled when the scheduler starts
2026-09-06 19:05:49,005 INFO apscheduler.scheduler: Adding job tentatively -- it will be properly scheduled when the scheduler starts
2026-09-06 19:05:49,006 INFO apscheduler.scheduler: Added job "_run_job" to job store "default"
2026-09-06 19:05:49,006 INFO apscheduler.scheduler: Added job "_run_job" to job store "default"
2026-09-06 19:05:49,008 INFO apscheduler.scheduler: Added job "_run_job" to job store "default"
2026-09-06 19:05:49,008 INFO apscheduler.scheduler: Added job "_run_job" to job store "default"
2026-09-06 19:05:49,008 INFO apscheduler.scheduler: Scheduler started
2026-09-06 19:05:49,009 INFO radar.scheduler: scheduler started
2026-09-06 19:06:31,467 INFO radar.signals: signals: {'competitor_price_change': 4, 'appear_disappear': 0, 'new_category': 0, 'new_competitor': 0, 'multi_competitor': 0, 'price_vs_market': 0, 'demand': 0, 'new_use_case': 0, 'cross_site': 0, 'source_errors': 0}
2026-09-06 19:06:35,069 INFO apscheduler.scheduler: Adding job tentatively -- it will be properly scheduled when the scheduler starts
2026-09-06 19:06:35,070 INFO apscheduler.scheduler: Adding job tentatively -- it will be properly scheduled when the scheduler starts
2026-09-06 19:06:35,070 INFO apscheduler.scheduler: Adding job tentatively -- it will be properly scheduled when the scheduler starts
2026-09-06 19:06:35,071 INFO apscheduler.scheduler: Adding job tentatively -- it will be properly scheduled when the scheduler starts
2026-09-06 19:06:35,072 INFO apscheduler.scheduler: Added job "_run_job" to job store "default"
2026-09-06 19:06:35,072 INFO apscheduler.scheduler: Added job "_run_job" to job store "default"
2026-09-06 19:06:35,072 INFO apscheduler.scheduler: Added job "_run_job" to job store "default"
2026-09-06 19:06:35,072 INFO apscheduler.scheduler: Added job "_run_job" to job store "default"
2026-09-06 19:06:35,073 INFO apscheduler.scheduler: Scheduler started
2026-09-06 19:06:35,073 INFO radar.scheduler: scheduler started
2026-09-06 19:07:27,160 INFO radar.signals: signals: {'competitor_price_change': 3, 'appear_disappear': 0, 'new_category': 0, 'new_competitor': 0, 'multi_competitor': 0, 'price_vs_market': 0, 'demand': 0, 'new_use_case': 0, 'cross_site': 0, 'source_errors': 0}
2026-09-06 19:07:30,811 INFO apscheduler.scheduler: Adding job tentatively -- it will be properly scheduled when the scheduler starts
2026-09-06 19:07:30,812 INFO apscheduler.scheduler: Adding job tentatively -- it will be properly scheduled when the scheduler starts
2026-09-06 19:07:30,812 INFO apscheduler.scheduler: Adding job tentatively -- it will be properly scheduled when the scheduler starts
2026-09-06 19:07:30,812 INFO apscheduler.scheduler: Adding job tentatively -- it will be properly scheduled when the scheduler starts
2026-09-06 19:07:30,814 INFO apscheduler.scheduler: Added job "_run_job" to job store "default"
2026-09-06 19:07:30,815 INFO apscheduler.scheduler: Added job "_run_job" to job store "default"
2026-09-06 19:07:30,815 INFO apscheduler.scheduler: Added job "_run_job" to job store "default"
2026-09-06 19:07:30,815 INFO apscheduler.scheduler: Added job "_run_job" to job store "default"
2026-09-06 19:07:30,815 INFO apscheduler.scheduler: Scheduler started
2026-09-06 19:07:30,815 INFO radar.scheduler: scheduler started
2026-09-06 19:08:28,802 WARNING radar.http: fetch error (1/3) https://1okey.ru/chem-otlichayutsya-naushniki-dlya-ekskursij-ot-obychnyh: HTTPSConnectionPool(host='1okey.ru', port=443): Max retries exceeded with url: /chem-otlichayutsya-naushniki-dlya-ekskursij-ot-obychnyh (Caused by SSLError(SSLCertVerificationError(1, "[SSL: CERTIFICATE_VERIFY_FAILED] certificate verify failed: Hostname mismatch, certificate is not valid for '1okey.ru'. (_ssl.c:1010)")))
2026-09-06 19:08:31,283 WARNING radar.http: fetch error (2/3) https://1okey.ru/chem-otlichayutsya-naushniki-dlya-ekskursij-ot-obychnyh: HTTPSConnectionPool(host='1okey.ru', port=443): Max retries exceeded with url: /chem-otlichayutsya-naushniki-dlya-ekskursij-ot-obychnyh (Caused by SSLError(SSLCertVerificationError(1, "[SSL: CERTIFICATE_VERIFY_FAILED] certificate verify failed: Hostname mismatch, certificate is not valid for '1okey.ru'. (_ssl.c:1010)")))
2026-09-06 19:08:35,753 WARNING radar.http: fetch error (3/3) https://1okey.ru/chem-otlichayutsya-naushniki-dlya-ekskursij-ot-obychnyh: HTTPSConnectionPool(host='1okey.ru', port=443): Max retries exceeded with url: /chem-otlichayutsya-naushniki-dlya-ekskursij-ot-obychnyh (Caused by SSLError(SSLCertVerificationError(1, "[SSL: CERTIFICATE_VERIFY_FAILED] certificate verify failed: Hostname mismatch, certificate is not valid for '1okey.ru'. (_ssl.c:1010)")))
2026-09-06 19:09:24,566 INFO radar.signals: signals: {'competitor_price_change': 1, 'appear_disappear': 4, 'new_category': 0, 'new_competitor': 0, 'multi_competitor': 0, 'price_vs_market': 0, 'demand': 0, 'new_use_case': 1, 'cross_site': 0, 'source_errors': 0}
2026-09-06 19:09:28,219 INFO apscheduler.scheduler: Adding job tentatively -- it will be properly scheduled when the scheduler starts
2026-09-06 19:09:28,220 INFO apscheduler.scheduler: Adding job tentatively -- it will be properly scheduled when the scheduler starts
2026-09-06 19:09:28,220 INFO apscheduler.scheduler: Adding job tentatively -- it will be properly scheduled when the scheduler starts
2026-09-06 19:09:28,221 INFO apscheduler.scheduler: Adding job tentatively -- it will be properly scheduled when the scheduler starts
2026-09-06 19:09:28,222 INFO apscheduler.scheduler: Added job "_run_job" to job store "default"
2026-09-06 19:09:28,222 INFO apscheduler.scheduler: Added job "_run_job" to job store "default"
2026-09-06 19:09:28,222 INFO apscheduler.scheduler: Added job "_run_job" to job store "default"
2026-09-06 19:09:28,222 INFO apscheduler.scheduler: Added job "_run_job" to job store "default"
2026-09-06 19:09:28,222 INFO apscheduler.scheduler: Scheduler started
2026-09-06 19:09:28,223 INFO radar.scheduler: scheduler started
2026-09-06 19:10:16,286 INFO radar.signals: signals: {'competitor_price_change': 0, 'appear_disappear': 0, 'new_category': 0, 'new_competitor': 0, 'multi_competitor': 0, 'price_vs_market': 0, 'demand': 0, 'new_use_case': 0, 'cross_site': 0, 'source_errors': 0}
2026-09-06 19:34:54,328 INFO radar.signals: signals: {'competitor_price_change': 0, 'appear_disappear': 0, 'new_category': 0, 'new_competitor': 0, 'multi_competitor': 0, 'price_vs_market': 0, 'demand': 0, 'new_use_case': 0, 'cross_site': 0, 'source_errors': 0}
2026-09-06 19:44:07,370 INFO apscheduler.scheduler: Adding job tentatively -- it will be properly scheduled when the scheduler starts
2026-09-06 19:44:07,371 INFO apscheduler.scheduler: Adding job tentatively -- it will be properly scheduled when the scheduler starts
2026-09-06 19:44:07,371 INFO apscheduler.scheduler: Adding job tentatively -- it will be properly scheduled when the scheduler starts
2026-09-06 19:44:07,372 INFO apscheduler.scheduler: Adding job tentatively -- it will be properly scheduled when the scheduler starts
2026-09-06 19:44:07,373 INFO apscheduler.scheduler: Added job "_run_job" to job store "default"
2026-09-06 19:44:07,373 INFO apscheduler.scheduler: Added job "_run_job" to job store "default"
2026-09-06 19:44:07,373 INFO apscheduler.scheduler: Added job "_run_job" to job store "default"
2026-09-06 19:44:07,374 INFO apscheduler.scheduler: Added job "_run_job" to job store "default"
2026-09-06 19:44:07,374 INFO apscheduler.scheduler: Scheduler started
2026-09-06 19:44:07,374 INFO radar.scheduler: scheduler started
2026-09-06 19:44:52,343 INFO apscheduler.scheduler: Adding job tentatively -- it will be properly scheduled when the scheduler starts
2026-09-06 19:44:52,344 INFO apscheduler.scheduler: Adding job tentatively -- it will be properly scheduled when the scheduler starts
2026-09-06 19:44:52,344 INFO apscheduler.scheduler: Adding job tentatively -- it will be properly scheduled when the scheduler starts
2026-09-06 19:44:52,344 INFO apscheduler.scheduler: Adding job tentatively -- it will be properly scheduled when the scheduler starts
2026-09-06 19:44:52,346 INFO apscheduler.scheduler: Added job "_run_job" to job store "default"
2026-09-06 19:44:52,346 INFO apscheduler.scheduler: Added job "_run_job" to job store "default"
2026-09-06 19:44:52,346 INFO apscheduler.scheduler: Added job "_run_job" to job store "default"
2026-09-06 19:44:52,347 INFO apscheduler.scheduler: Added job "_run_job" to job store "default"
2026-09-06 19:44:52,347 INFO apscheduler.scheduler: Scheduler started
2026-09-06 19:44:52,347 INFO radar.scheduler: scheduler started
2026-09-06 19:53:24,935 INFO radar.signals: signals: {'competitor_price_change': 0, 'appear_disappear': 0, 'new_category': 0, 'new_competitor': 0, 'multi_competitor': 0, 'price_vs_market': 10, 'demand': 0, 'new_use_case': 0, 'cross_site': 0, 'source_errors': 0}
2026-09-06 19:53:28,792 INFO apscheduler.scheduler: Adding job tentatively -- it will be properly scheduled when the scheduler starts
2026-09-06 19:53:28,792 INFO apscheduler.scheduler: Adding job tentatively -- it will be properly scheduled when the scheduler starts
2026-09-06 19:53:28,793 INFO apscheduler.scheduler: Adding job tentatively -- it will be properly scheduled when the scheduler starts
2026-09-06 19:53:28,793 INFO apscheduler.scheduler: Adding job tentatively -- it will be properly scheduled when the scheduler starts
2026-09-06 19:53:28,794 INFO apscheduler.scheduler: Added job "_run_job" to job store "default"
2026-09-06 19:53:28,795 INFO apscheduler.scheduler: Added job "_run_job" to job store "default"
2026-09-06 19:53:28,795 INFO apscheduler.scheduler: Added job "_run_job" to job store "default"
2026-09-06 19:53:28,795 INFO apscheduler.scheduler: Added job "_run_job" to job store "default"
2026-09-06 19:53:28,795 INFO apscheduler.scheduler: Scheduler started
2026-09-06 19:53:28,796 INFO radar.scheduler: scheduler started
2026-09-06 20:00:05,298 INFO apscheduler.scheduler: Adding job tentatively -- it will be properly scheduled when the scheduler starts
2026-09-06 20:00:05,299 INFO apscheduler.scheduler: Adding job tentatively -- it will be properly scheduled when the scheduler starts
2026-09-06 20:00:05,299 INFO apscheduler.scheduler: Adding job tentatively -- it will be properly scheduled when the scheduler starts
2026-09-06 20:00:05,299 INFO apscheduler.scheduler: Adding job tentatively -- it will be properly scheduled when the scheduler starts
2026-09-06 20:00:05,300 INFO apscheduler.scheduler: Added job "_run_job" to job store "default"
2026-09-06 20:00:05,301 INFO apscheduler.scheduler: Added job "_run_job" to job store "default"
2026-09-06 20:00:05,301 INFO apscheduler.scheduler: Added job "_run_job" to job store "default"
2026-09-06 20:00:05,301 INFO apscheduler.scheduler: Added job "_run_job" to job store "default"
2026-09-06 20:00:05,301 INFO apscheduler.scheduler: Scheduler started
2026-09-06 20:00:05,302 INFO radar.scheduler: scheduler started
2026-09-06 20:02:26,647 INFO apscheduler.scheduler: Adding job tentatively -- it will be properly scheduled when the scheduler starts
2026-09-06 20:02:26,647 INFO apscheduler.scheduler: Adding job tentatively -- it will be properly scheduled when the scheduler starts
2026-09-06 20:02:26,648 INFO apscheduler.scheduler: Adding job tentatively -- it will be properly scheduled when the scheduler starts
2026-09-06 20:02:26,648 INFO apscheduler.scheduler: Adding job tentatively -- it will be properly scheduled when the scheduler starts
2026-09-06 20:02:26,648 INFO apscheduler.scheduler: Added job "_run_job" to job store "default"
2026-09-06 20:02:26,648 INFO apscheduler.scheduler: Added job "_run_job" to job store "default"
2026-09-06 20:02:26,650 INFO apscheduler.scheduler: Added job "_run_job" to job store "default"
2026-09-06 20:02:26,650 INFO apscheduler.scheduler: Added job "_run_job" to job store "default"
2026-09-06 20:02:26,650 INFO apscheduler.scheduler: Scheduler started
2026-09-06 20:02:26,651 INFO radar.scheduler: scheduler started
2026-09-06 20:03:20,186 INFO apscheduler.scheduler: Adding job tentatively -- it will be properly scheduled when the scheduler starts
2026-09-06 20:03:20,186 INFO apscheduler.scheduler: Adding job tentatively -- it will be properly scheduled when the scheduler starts
2026-09-06 20:03:20,186 INFO apscheduler.scheduler: Adding job tentatively -- it will be properly scheduled when the scheduler starts
2026-09-06 20:03:20,186 INFO apscheduler.scheduler: Adding job tentatively -- it will be properly scheduled when the scheduler starts
2026-09-06 20:03:20,187 INFO apscheduler.scheduler: Added job "_run_job" to job store "default"
2026-09-06 20:03:20,187 INFO apscheduler.scheduler: Added job "_run_job" to job store "default"
2026-09-06 20:03:20,188 INFO apscheduler.scheduler: Added job "_run_job" to job store "default"
2026-09-06 20:03:20,188 INFO apscheduler.scheduler: Added job "_run_job" to job store "default"
2026-09-06 20:03:20,188 INFO apscheduler.scheduler: Scheduler started
2026-09-06 20:03:20,188 INFO radar.scheduler: scheduler started
2026-09-06 20:04:11,081 INFO apscheduler.scheduler: Adding job tentatively -- it will be properly scheduled when the scheduler starts
2026-09-06 20:04:11,082 INFO apscheduler.scheduler: Adding job tentatively -- it will be properly scheduled when the scheduler starts
2026-09-06 20:04:11,083 INFO apscheduler.scheduler: Adding job tentatively -- it will be properly scheduled when the scheduler starts
2026-09-06 20:04:11,084 INFO apscheduler.scheduler: Adding job tentatively -- it will be properly scheduled when the scheduler starts
2026-09-06 20:04:11,085 INFO apscheduler.scheduler: Added job "_run_job" to job store "default"
2026-09-06 20:04:11,086 INFO apscheduler.scheduler: Added job "_run_job" to job store "default"
2026-09-06 20:04:11,086 INFO apscheduler.scheduler: Added job "_run_job" to job store "default"
2026-09-06 20:04:11,086 INFO apscheduler.scheduler: Added job "_run_job" to job store "default"
2026-09-06 20:04:11,086 INFO apscheduler.scheduler: Scheduler started
2026-09-06 20:04:11,087 INFO radar.scheduler: scheduler started
2026-09-06 20:13:09,935 WARNING radar.http: fetch error (1/3) https://1okey.ru/chem-otlichayutsya-naushniki-dlya-ekskursij-ot-obychnyh: HTTPSConnectionPool(host='1okey.ru', port=443): Max retries exceeded with url: /chem-otlichayutsya-naushniki-dlya-ekskursij-ot-obychnyh (Caused by SSLError(SSLCertVerificationError(1, "[SSL: CERTIFICATE_VERIFY_FAILED] certificate verify failed: Hostname mismatch, certificate is not valid for '1okey.ru'. (_ssl.c:1010)")))
2026-09-06 20:13:12,621 WARNING radar.http: fetch error (2/3) https://1okey.ru/chem-otlichayutsya-naushniki-dlya-ekskursij-ot-obychnyh: HTTPSConnectionPool(host='1okey.ru', port=443): Max retries exceeded with url: /chem-otlichayutsya-naushniki-dlya-ekskursij-ot-obychnyh (Caused by SSLError(SSLCertVerificationError(1, "[SSL: CERTIFICATE_VERIFY_FAILED] certificate verify failed: Hostname mismatch, certificate is not valid for '1okey.ru'. (_ssl.c:1010)")))
2026-09-06 20:13:17,280 WARNING radar.http: fetch error (3/3) https://1okey.ru/chem-otlichayutsya-naushniki-dlya-ekskursij-ot-obychnyh: HTTPSConnectionPool(host='1okey.ru', port=443): Max retries exceeded with url: /chem-otlichayutsya-naushniki-dlya-ekskursij-ot-obychnyh (Caused by SSLError(SSLCertVerificationError(1, "[SSL: CERTIFICATE_VERIFY_FAILED] certificate verify failed: Hostname mismatch, certificate is not valid for '1okey.ru'. (_ssl.c:1010)")))
2026-09-06 20:13:33,839 INFO radar.signals: signals: {'competitor_price_change': 8, 'appear_disappear': 57, 'new_category': 0, 'new_competitor': 0, 'multi_competitor': 3, 'price_vs_market': 4, 'demand': 0, 'new_use_case': 2, 'cross_site': 0, 'source_errors': 6}
2026-09-06 20:14:01,360 INFO radar.db: migration applied: 006_competitor_tier
2026-09-06 20:15:42,765 INFO apscheduler.scheduler: Adding job tentatively -- it will be properly scheduled when the scheduler starts
2026-09-06 20:15:42,766 INFO apscheduler.scheduler: Adding job tentatively -- it will be properly scheduled when the scheduler starts
2026-09-06 20:15:42,766 INFO apscheduler.scheduler: Adding job tentatively -- it will be properly scheduled when the scheduler starts
2026-09-06 20:15:42,766 INFO apscheduler.scheduler: Adding job tentatively -- it will be properly scheduled when the scheduler starts
2026-09-06 20:15:42,767 INFO apscheduler.scheduler: Added job "_run_job" to job store "default"
2026-09-06 20:15:42,768 INFO apscheduler.scheduler: Added job "_run_job" to job store "default"
2026-09-06 20:15:42,768 INFO apscheduler.scheduler: Added job "_run_job" to job store "default"
2026-09-06 20:15:42,768 INFO apscheduler.scheduler: Added job "_run_job" to job store "default"
2026-09-06 20:15:42,768 INFO apscheduler.scheduler: Scheduler started
2026-09-06 20:15:42,769 INFO radar.scheduler: scheduler started
2026-09-06 20:16:21,194 INFO radar.collectors.competitor_generic: sitemap https://crystal-sound.com/sitemap.xml: +0 страниц
2026-09-06 20:16:22,839 INFO radar.collectors.competitor_generic: sitemap https://www.cromi.ru/sitemap.xml: +200 страниц
2026-09-06 20:16:25,115 INFO radar.collectors.competitor_generic: sitemap https://sinexpo.ru/sitemap.xml: +104 страниц
2026-09-06 20:16:27,130 INFO radar.collectors.competitor_generic: sitemap https://radio-tourist.ru/sitemap.xml: +0 страниц
2026-09-06 20:16:29,948 INFO radar.collectors.competitor_generic: sitemap https://retekess.com.ru/sitemap.xml: +200 страниц
2026-09-06 20:16:34,131 INFO radar.collectors.competitor_generic: sitemap https://conferencepro.ru/sitemap.xml: +91 страниц
2026-09-06 20:16:54,662 INFO radar.collectors.competitor_generic: sitemap https://mikrofon78.ru/sitemap.xml: +0 страниц
2026-09-06 20:27:22,753 INFO radar.collectors.competitor_generic: sitemap https://crystal-sound.com/sitemap.xml: +0 страниц
2026-09-06 20:27:25,158 INFO radar.collectors.competitor_generic: sitemap https://www.cromi.ru/sitemap.xml: +151 страниц
2026-09-06 20:27:25,445 INFO radar.collectors.competitor_generic: sitemap https://crystal-sound.com/sitemap.xml: +0 страниц
2026-09-06 20:27:26,826 INFO radar.collectors.competitor_generic: sitemap https://www.cromi.ru/sitemap.xml: +0 страниц
2026-09-06 20:27:27,375 INFO radar.collectors.competitor_generic: sitemap https://crystal-sound.com/sitemap.xml: +0 страниц
2026-09-06 20:27:29,463 INFO radar.collectors.competitor_generic: sitemap https://crystal-sound.com/sitemap.xml: +0 страниц
2026-09-06 20:27:31,476 INFO radar.collectors.competitor_generic: sitemap https://crystal-sound.com/sitemap.xml: +0 страниц
2026-09-06 20:27:32,415 INFO radar.collectors.competitor_generic: sitemap https://sinexpo.ru/sitemap.xml: +0 страниц
2026-09-06 20:27:33,546 INFO radar.collectors.competitor_generic: sitemap https://crystal-sound.com/sitemap.xml: +0 страниц
2026-09-06 20:27:33,743 INFO radar.collectors.competitor_generic: sitemap https://sinexpo.ru/sitemap.xml: +0 страниц
2026-09-06 20:27:34,160 INFO radar.collectors.competitor_generic: sitemap https://www.cromi.ru/sitemap.xml: +0 страниц
2026-09-06 20:27:35,322 INFO radar.collectors.competitor_generic: sitemap https://crystal-sound.com/sitemap.xml: +0 страниц
2026-09-06 20:27:37,285 INFO radar.collectors.competitor_generic: sitemap https://crystal-sound.com/sitemap.xml: +0 страниц
2026-09-06 20:27:39,523 INFO radar.collectors.competitor_generic: sitemap https://crystal-sound.com/sitemap.xml: +0 страниц
2026-09-06 20:27:41,502 INFO radar.collectors.competitor_generic: sitemap https://crystal-sound.com/sitemap.xml: +0 страниц
2026-09-06 20:27:41,702 INFO radar.collectors.competitor_generic: sitemap https://www.cromi.ru/sitemap.xml: +0 страниц
2026-09-06 20:27:43,511 INFO radar.collectors.competitor_generic: sitemap https://crystal-sound.com/sitemap.xml: +0 страниц
2026-09-06 20:27:43,885 INFO radar.collectors.competitor_generic: sitemap https://www.cromi.ru/sitemap.xml: +0 страниц
2026-09-06 20:27:45,641 INFO radar.collectors.competitor_generic: sitemap https://radio-tourist.ru/sitemap.xml: +0 страниц
2026-09-06 20:27:45,654 INFO radar.collectors.competitor_generic: sitemap https://crystal-sound.com/sitemap.xml: +0 страниц
2026-09-06 20:27:45,887 INFO radar.collectors.competitor_generic: sitemap https://www.cromi.ru/sitemap.xml: +0 страниц
2026-09-06 20:27:47,560 INFO radar.collectors.competitor_generic: sitemap https://radio-tourist.ru/sitemap.xml: +0 страниц
2026-09-06 20:27:48,069 INFO radar.collectors.competitor_generic: sitemap https://www.cromi.ru/sitemap.xml: +0 страниц
2026-09-06 20:27:48,188 INFO radar.collectors.competitor_generic: sitemap https://sinexpo.ru/sitemap.xml: +0 страниц
2026-09-06 20:27:49,702 INFO radar.collectors.competitor_generic: sitemap https://www.cromi.ru/sitemap.xml: +0 страниц
2026-09-06 20:27:51,939 INFO radar.collectors.competitor_generic: sitemap https://www.cromi.ru/sitemap.xml: +0 страниц
2026-09-06 20:27:53,919 INFO radar.collectors.competitor_generic: sitemap https://www.cromi.ru/sitemap.xml: +0 страниц
2026-09-06 20:27:54,220 INFO radar.collectors.competitor_generic: sitemap https://sinexpo.ru/sitemap.xml: +0 страниц
2026-09-06 20:27:55,776 INFO radar.collectors.competitor_generic: sitemap https://sinexpo.ru/sitemap.xml: +0 страниц
2026-09-06 20:27:55,796 INFO radar.collectors.competitor_generic: sitemap https://www.cromi.ru/sitemap.xml: +0 страниц
2026-09-06 20:27:58,149 INFO radar.collectors.competitor_generic: sitemap https://www.cromi.ru/sitemap.xml: +0 страниц
2026-09-06 20:27:58,162 INFO radar.collectors.competitor_generic: sitemap https://sinexpo.ru/sitemap.xml: +0 страниц
2026-09-06 20:27:58,562 INFO radar.collectors.competitor_generic: sitemap https://retekess.com.ru/sitemap.xml: +200 страниц
2026-09-06 20:27:59,816 INFO radar.collectors.competitor_generic: sitemap https://radio-tourist.ru/sitemap.xml: +0 страниц
2026-09-06 20:28:00,259 INFO radar.collectors.competitor_generic: sitemap https://sinexpo.ru/sitemap.xml: +0 страниц
2026-09-06 20:28:00,980 INFO radar.collectors.competitor_generic: sitemap https://retekess.com.ru/sitemap.xml: +200 страниц
2026-09-06 20:28:02,979 INFO radar.collectors.competitor_generic: sitemap https://sinexpo.ru/sitemap.xml: +0 страниц
2026-09-06 20:28:04,157 INFO radar.collectors.competitor_generic: sitemap https://sinexpo.ru/sitemap.xml: +0 страниц
2026-09-06 20:28:05,525 INFO radar.collectors.competitor_generic: sitemap https://radio-tourist.ru/sitemap.xml: +0 страниц
2026-09-06 20:28:06,142 INFO radar.collectors.competitor_generic: sitemap https://sinexpo.ru/sitemap.xml: +0 страниц
2026-09-06 20:28:07,801 INFO radar.collectors.competitor_generic: sitemap https://sinexpo.ru/sitemap.xml: +0 страниц
2026-09-06 20:28:08,303 INFO radar.collectors.competitor_generic: sitemap https://radio-tourist.ru/sitemap.xml: +0 страниц
2026-09-06 20:28:09,571 INFO radar.collectors.competitor_generic: sitemap https://radio-tourist.ru/sitemap.xml: +0 страниц
2026-09-06 20:28:09,949 INFO radar.collectors.competitor_generic: sitemap https://sinexpo.ru/sitemap.xml: +0 страниц
2026-09-06 20:28:10,096 INFO radar.collectors.competitor_generic: sitemap https://retekess.com.ru/sitemap.xml: +62 страниц
2026-09-06 20:28:11,421 INFO radar.collectors.competitor_generic: sitemap https://radio-tourist.ru/sitemap.xml: +0 страниц
2026-09-06 20:28:13,330 INFO radar.collectors.competitor_generic: sitemap https://radio-tourist.ru/sitemap.xml: +0 страниц
2026-09-06 20:28:13,587 INFO radar.collectors.competitor_generic: sitemap https://conferencepro.ru/sitemap.xml: +57 страниц
2026-09-06 20:28:14,820 INFO radar.collectors.competitor_generic: sitemap https://conferencepro.ru/sitemap.xml: +67 страниц
2026-09-06 20:28:16,074 INFO radar.collectors.competitor_generic: sitemap https://retekess.com.ru/sitemap.xml: +0 страниц
2026-09-06 20:28:16,280 INFO radar.collectors.competitor_generic: sitemap https://radio-tourist.ru/sitemap.xml: +0 страниц
2026-09-06 20:28:17,414 INFO radar.collectors.competitor_generic: sitemap https://radio-tourist.ru/sitemap.xml: +0 страниц
2026-09-06 20:28:19,441 INFO radar.collectors.competitor_generic: sitemap https://radio-tourist.ru/sitemap.xml: +0 страниц
2026-09-06 20:28:21,005 INFO radar.collectors.competitor_generic: sitemap https://retekess.com.ru/sitemap.xml: +0 страниц
2026-09-06 20:28:21,618 INFO radar.collectors.competitor_generic: sitemap https://radio-tourist.ru/sitemap.xml: +0 страниц
2026-09-06 20:28:22,999 INFO radar.collectors.competitor_generic: sitemap https://conferencepro.ru/sitemap.xml: +68 страниц
2026-09-06 20:28:23,348 INFO radar.collectors.competitor_generic: sitemap https://retekess.com.ru/sitemap.xml: +0 страниц
2026-09-06 20:28:24,674 INFO radar.collectors.competitor_generic: sitemap https://retekess.com.ru/sitemap.xml: +0 страниц
2026-09-06 20:28:26,840 INFO radar.collectors.competitor_generic: sitemap https://retekess.com.ru/sitemap.xml: +0 страниц
2026-09-06 20:28:28,994 INFO radar.collectors.competitor_generic: sitemap https://retekess.com.ru/sitemap.xml: +0 страниц
2026-09-06 20:28:29,080 INFO radar.collectors.competitor_generic: sitemap https://conferencepro.ru/sitemap.xml: +63 страниц
2026-09-06 20:28:30,856 INFO radar.collectors.competitor_generic: sitemap https://retekess.com.ru/sitemap.xml: +0 страниц
2026-09-06 20:28:32,162 INFO radar.collectors.competitor_generic: sitemap https://retekess.com.ru/sitemap.xml: +0 страниц
2026-09-06 20:28:32,978 INFO radar.collectors.competitor_generic: sitemap https://conferencepro.ru/sitemap.xml: +55 страниц
2026-09-06 20:28:35,066 INFO radar.collectors.competitor_generic: sitemap https://conferencepro.ru/sitemap.xml: +61 страниц
2026-09-06 20:28:35,072 INFO radar.collectors.competitor_generic: sitemap https://retekess.com.ru/sitemap.xml: +0 страниц
2026-09-06 20:28:37,003 INFO radar.collectors.competitor_generic: sitemap https://conferencepro.ru/sitemap.xml: +69 страниц
2026-09-06 20:28:39,654 INFO radar.collectors.competitor_generic: sitemap https://conferencepro.ru/sitemap.xml: +80 страниц
2026-09-06 20:28:42,635 INFO radar.collectors.competitor_generic: sitemap https://conferencepro.ru/sitemap.xml: +56 страниц
2026-09-06 20:28:42,685 INFO radar.collectors.competitor_generic: sitemap https://conferencepro.ru/sitemap.xml: +66 страниц
2026-09-06 20:28:45,521 INFO radar.collectors.competitor_generic: sitemap https://conferencepro.ru/sitemap.xml: +73 страниц
2026-09-06 20:28:49,457 INFO radar.collectors.competitor_generic: sitemap https://conferencepro.ru/sitemap.xml: +93 страниц
2026-09-06 20:29:17,088 INFO radar.db: migration applied: 007_competitor_profile
2026-09-06 20:29:24,451 INFO apscheduler.scheduler: Adding job tentatively -- it will be properly scheduled when the scheduler starts
2026-09-06 20:29:24,451 INFO apscheduler.scheduler: Adding job tentatively -- it will be properly scheduled when the scheduler starts
2026-09-06 20:29:24,452 INFO apscheduler.scheduler: Adding job tentatively -- it will be properly scheduled when the scheduler starts
2026-09-06 20:29:24,452 INFO apscheduler.scheduler: Adding job tentatively -- it will be properly scheduled when the scheduler starts
2026-09-06 20:29:24,453 INFO apscheduler.scheduler: Added job "_run_job" to job store "default"
2026-09-06 20:29:24,455 INFO apscheduler.scheduler: Added job "_run_job" to job store "default"
2026-09-06 20:29:24,455 INFO apscheduler.scheduler: Added job "_run_job" to job store "default"
2026-09-06 20:29:24,455 INFO apscheduler.scheduler: Added job "_run_job" to job store "default"
2026-09-06 20:29:24,455 INFO apscheduler.scheduler: Scheduler started
2026-09-06 20:29:24,455 INFO radar.scheduler: scheduler started
2026-09-06 20:37:04,177 INFO apscheduler.scheduler: Adding job tentatively -- it will be properly scheduled when the scheduler starts
2026-09-06 20:37:04,178 INFO apscheduler.scheduler: Adding job tentatively -- it will be properly scheduled when the scheduler starts
2026-09-06 20:37:04,178 INFO apscheduler.scheduler: Adding job tentatively -- it will be properly scheduled when the scheduler starts
2026-09-06 20:37:04,178 INFO apscheduler.scheduler: Adding job tentatively -- it will be properly scheduled when the scheduler starts
2026-09-06 20:37:04,179 INFO apscheduler.scheduler: Added job "_run_job" to job store "default"
2026-09-06 20:37:04,179 INFO apscheduler.scheduler: Added job "_run_job" to job store "default"
2026-09-06 20:37:04,180 INFO apscheduler.scheduler: Added job "_run_job" to job store "default"
2026-09-06 20:37:04,180 INFO apscheduler.scheduler: Added job "_run_job" to job store "default"
2026-09-06 20:37:04,180 INFO apscheduler.scheduler: Scheduler started
2026-09-06 20:37:04,180 INFO radar.scheduler: scheduler started
2026-09-06 20:48:56,407 INFO apscheduler.scheduler: Adding job tentatively -- it will be properly scheduled when the scheduler starts
2026-09-06 20:48:56,407 INFO apscheduler.scheduler: Adding job tentatively -- it will be properly scheduled when the scheduler starts
2026-09-06 20:48:56,407 INFO apscheduler.scheduler: Adding job tentatively -- it will be properly scheduled when the scheduler starts
2026-09-06 20:48:56,408 INFO apscheduler.scheduler: Adding job tentatively -- it will be properly scheduled when the scheduler starts
2026-09-06 20:48:56,409 INFO apscheduler.scheduler: Added job "_run_job" to job store "default"
2026-09-06 20:48:56,409 INFO apscheduler.scheduler: Added job "_run_job" to job store "default"
2026-09-06 20:48:56,409 INFO apscheduler.scheduler: Added job "_run_job" to job store "default"
2026-09-06 20:48:56,409 INFO apscheduler.scheduler: Added job "_run_job" to job store "default"
2026-09-06 20:48:56,409 INFO apscheduler.scheduler: Scheduler started
2026-09-06 20:48:56,410 INFO radar.scheduler: scheduler started
2026-09-06 20:49:16,624 INFO apscheduler.scheduler: Adding job tentatively -- it will be properly scheduled when the scheduler starts
2026-09-06 20:49:16,624 INFO apscheduler.scheduler: Adding job tentatively -- it will be properly scheduled when the scheduler starts
2026-09-06 20:49:16,624 INFO apscheduler.scheduler: Adding job tentatively -- it will be properly scheduled when the scheduler starts
2026-09-06 20:49:16,624 INFO apscheduler.scheduler: Adding job tentatively -- it will be properly scheduled when the scheduler starts
2026-09-06 20:49:16,625 INFO apscheduler.scheduler: Added job "_run_job" to job store "default"
2026-09-06 20:49:16,625 INFO apscheduler.scheduler: Added job "_run_job" to job store "default"
2026-09-06 20:49:16,626 INFO apscheduler.scheduler: Added job "_run_job" to job store "default"
2026-09-06 20:49:16,626 INFO apscheduler.scheduler: Added job "_run_job" to job store "default"
2026-09-06 20:49:16,626 INFO apscheduler.scheduler: Scheduler started
2026-09-06 20:49:16,626 INFO radar.scheduler: scheduler started
2026-09-06 20:50:51,396 INFO apscheduler.scheduler: Adding job tentatively -- it will be properly scheduled when the scheduler starts
2026-09-06 20:50:51,396 INFO apscheduler.scheduler: Adding job tentatively -- it will be properly scheduled when the scheduler starts
2026-09-06 20:50:51,397 INFO apscheduler.scheduler: Adding job tentatively -- it will be properly scheduled when the scheduler starts
2026-09-06 20:50:51,397 INFO apscheduler.scheduler: Adding job tentatively -- it will be properly scheduled when the scheduler starts
2026-09-06 20:50:51,398 INFO apscheduler.scheduler: Added job "_run_job" to job store "default"
2026-09-06 20:50:51,398 INFO apscheduler.scheduler: Added job "_run_job" to job store "default"
2026-09-06 20:50:51,398 INFO apscheduler.scheduler: Added job "_run_job" to job store "default"
2026-09-06 20:50:51,399 INFO apscheduler.scheduler: Added job "_run_job" to job store "default"
2026-09-06 20:50:51,399 INFO apscheduler.scheduler: Scheduler started
2026-09-06 20:50:51,399 INFO radar.scheduler: scheduler started
2026-09-06 20:59:21,042 INFO apscheduler.scheduler: Adding job tentatively -- it will be properly scheduled when the scheduler starts
2026-09-06 20:59:21,043 INFO apscheduler.scheduler: Adding job tentatively -- it will be properly scheduled when the scheduler starts
2026-09-06 20:59:21,043 INFO apscheduler.scheduler: Adding job tentatively -- it will be properly scheduled when the scheduler starts
2026-09-06 20:59:21,043 INFO apscheduler.scheduler: Adding job tentatively -- it will be properly scheduled when the scheduler starts
2026-09-06 20:59:21,044 INFO apscheduler.scheduler: Added job "_run_job" to job store "default"
2026-09-06 20:59:21,044 INFO apscheduler.scheduler: Added job "_run_job" to job store "default"
2026-09-06 20:59:21,044 INFO apscheduler.scheduler: Added job "_run_job" to job store "default"
2026-09-06 20:59:21,044 INFO apscheduler.scheduler: Added job "_run_job" to job store "default"
2026-09-06 20:59:21,045 INFO apscheduler.scheduler: Scheduler started
2026-09-06 20:59:21,045 INFO radar.scheduler: scheduler started
2026-09-06 21:15:20,679 WARNING radar.http: fetch error (1/3) https://1okey.ru/chem-otlichayutsya-naushniki-dlya-ekskursij-ot-obychnyh: HTTPSConnectionPool(host='1okey.ru', port=443): Max retries exceeded with url: /chem-otlichayutsya-naushniki-dlya-ekskursij-ot-obychnyh (Caused by SSLError(SSLCertVerificationError(1, "[SSL: CERTIFICATE_VERIFY_FAILED] certificate verify failed: Hostname mismatch, certificate is not valid for '1okey.ru'. (_ssl.c:1010)")))
2026-09-06 21:15:23,429 WARNING radar.http: fetch error (2/3) https://1okey.ru/chem-otlichayutsya-naushniki-dlya-ekskursij-ot-obychnyh: HTTPSConnectionPool(host='1okey.ru', port=443): Max retries exceeded with url: /chem-otlichayutsya-naushniki-dlya-ekskursij-ot-obychnyh (Caused by SSLError(SSLCertVerificationError(1, "[SSL: CERTIFICATE_VERIFY_FAILED] certificate verify failed: Hostname mismatch, certificate is not valid for '1okey.ru'. (_ssl.c:1010)")))
2026-09-06 21:15:28,230 WARNING radar.http: fetch error (3/3) https://1okey.ru/chem-otlichayutsya-naushniki-dlya-ekskursij-ot-obychnyh: HTTPSConnectionPool(host='1okey.ru', port=443): Max retries exceeded with url: /chem-otlichayutsya-naushniki-dlya-ekskursij-ot-obychnyh (Caused by SSLError(SSLCertVerificationError(1, "[SSL: CERTIFICATE_VERIFY_FAILED] certificate verify failed: Hostname mismatch, certificate is not valid for '1okey.ru'. (_ssl.c:1010)")))
2026-09-06 21:15:45,658 INFO radar.signals: signals: {'competitor_price_change': 15, 'appear_disappear': 0, 'new_category': 0, 'new_competitor': 0, 'multi_competitor': 14, 'price_vs_market': 12, 'demand': 0, 'new_use_case': 6, 'cross_site': 0, 'source_errors': 7}
2026-09-06 21:16:20,998 INFO apscheduler.scheduler: Adding job tentatively -- it will be properly scheduled when the scheduler starts
2026-09-06 21:16:20,999 INFO apscheduler.scheduler: Adding job tentatively -- it will be properly scheduled when the scheduler starts
2026-09-06 21:16:20,999 INFO apscheduler.scheduler: Adding job tentatively -- it will be properly scheduled when the scheduler starts
2026-09-06 21:16:20,999 INFO apscheduler.scheduler: Adding job tentatively -- it will be properly scheduled when the scheduler starts
2026-09-06 21:16:21,000 INFO apscheduler.scheduler: Added job "_run_job" to job store "default"
2026-09-06 21:16:21,000 INFO apscheduler.scheduler: Added job "_run_job" to job store "default"
2026-09-06 21:16:21,000 INFO apscheduler.scheduler: Added job "_run_job" to job store "default"
2026-09-06 21:16:21,000 INFO apscheduler.scheduler: Added job "_run_job" to job store "default"
2026-09-06 21:16:21,000 INFO apscheduler.scheduler: Scheduler started
2026-09-06 21:16:21,001 INFO radar.scheduler: scheduler started
2026-09-06 21:17:20,824 INFO apscheduler.scheduler: Adding job tentatively -- it will be properly scheduled when the scheduler starts
2026-09-06 21:17:20,825 INFO apscheduler.scheduler: Adding job tentatively -- it will be properly scheduled when the scheduler starts
2026-09-06 21:17:20,826 INFO apscheduler.scheduler: Adding job tentatively -- it will be properly scheduled when the scheduler starts
2026-09-06 21:17:20,826 INFO apscheduler.scheduler: Adding job tentatively -- it will be properly scheduled when the scheduler starts
2026-09-06 21:17:20,827 INFO apscheduler.scheduler: Added job "_run_job" to job store "default"
2026-09-06 21:17:20,827 INFO apscheduler.scheduler: Added job "_run_job" to job store "default"
2026-09-06 21:17:20,827 INFO apscheduler.scheduler: Added job "_run_job" to job store "default"
2026-09-06 21:17:20,827 INFO apscheduler.scheduler: Added job "_run_job" to job store "default"
2026-09-06 21:17:20,828 INFO apscheduler.scheduler: Scheduler started
2026-09-06 21:17:20,828 INFO radar.scheduler: scheduler started
2026-09-06 21:21:16,712 INFO radar.signals: signals: {'competitor_price_change': 0, 'appear_disappear': 27, 'new_category': 0, 'new_competitor': 0, 'multi_competitor': 0, 'price_vs_market': 0, 'demand': 0, 'new_use_case': 0, 'cross_site': 0, 'source_errors': 0}
2026-09-07 12:23:39,917 INFO apscheduler.scheduler: Adding job tentatively -- it will be properly scheduled when the scheduler starts
2026-09-07 12:23:39,917 INFO apscheduler.scheduler: Adding job tentatively -- it will be properly scheduled when the scheduler starts
2026-09-07 12:23:39,917 INFO apscheduler.scheduler: Adding job tentatively -- it will be properly scheduled when the scheduler starts
2026-09-07 12:23:39,917 INFO apscheduler.scheduler: Adding job tentatively -- it will be properly scheduled when the scheduler starts
2026-09-07 12:23:39,917 INFO apscheduler.scheduler: Added job "_run_job" to job store "default"
2026-09-07 12:23:39,917 INFO apscheduler.scheduler: Added job "_run_job" to job store "default"
2026-09-07 12:23:39,917 INFO apscheduler.scheduler: Added job "_run_job" to job store "default"
2026-09-07 12:23:39,917 INFO apscheduler.scheduler: Added job "_run_job" to job store "default"
2026-09-07 12:23:39,917 INFO apscheduler.scheduler: Scheduler started
2026-09-07 12:23:39,917 INFO radar.scheduler: scheduler started
2026-09-07 12:31:09,413 INFO apscheduler.scheduler: Adding job tentatively -- it will be properly scheduled when the scheduler starts
2026-09-07 12:31:09,413 INFO apscheduler.scheduler: Adding job tentatively -- it will be properly scheduled when the scheduler starts
2026-09-07 12:31:09,413 INFO apscheduler.scheduler: Adding job tentatively -- it will be properly scheduled when the scheduler starts
2026-09-07 12:31:09,413 INFO apscheduler.scheduler: Adding job tentatively -- it will be properly scheduled when the scheduler starts
2026-09-07 12:31:09,413 INFO apscheduler.scheduler: Added job "_run_job" to job store "default"
2026-09-07 12:31:09,413 INFO apscheduler.scheduler: Added job "_run_job" to job store "default"
2026-09-07 12:31:09,413 INFO apscheduler.scheduler: Added job "_run_job" to job store "default"
2026-09-07 12:31:09,413 INFO apscheduler.scheduler: Added job "_run_job" to job store "default"
2026-09-07 12:31:09,413 INFO apscheduler.scheduler: Scheduler started
2026-09-07 12:31:09,413 INFO radar.scheduler: scheduler started
2026-09-07 15:15:50,953 INFO apscheduler.scheduler: Adding job tentatively -- it will be properly scheduled when the scheduler starts
2026-09-07 15:15:50,953 INFO apscheduler.scheduler: Adding job tentatively -- it will be properly scheduled when the scheduler starts
2026-09-07 15:15:50,953 INFO apscheduler.scheduler: Adding job tentatively -- it will be properly scheduled when the scheduler starts
2026-09-07 15:15:50,953 INFO apscheduler.scheduler: Adding job tentatively -- it will be properly scheduled when the scheduler starts
2026-09-07 15:15:50,955 INFO apscheduler.scheduler: Added job "_run_job" to job store "default"
2026-09-07 15:15:50,955 INFO apscheduler.scheduler: Added job "_run_job" to job store "default"
2026-09-07 15:15:50,955 INFO apscheduler.scheduler: Added job "_run_job" to job store "default"
2026-09-07 15:15:50,955 INFO apscheduler.scheduler: Added job "_run_job" to job store "default"
2026-09-07 15:15:50,955 INFO apscheduler.scheduler: Scheduler started
2026-09-07 15:15:50,955 INFO radar.scheduler: scheduler started
2026-09-07 15:15:51,042 INFO httpx: HTTP Request: GET http://testserver/competitors "HTTP/1.1 200 OK"
2026-09-07 15:15:51,092 INFO httpx: HTTP Request: GET http://testserver/competitors/9 "HTTP/1.1 200 OK"
2026-09-07 15:15:51,135 INFO httpx: HTTP Request: GET http://testserver/competitors/compare "HTTP/1.1 200 OK"
2026-09-07 15:16:33,645 INFO apscheduler.scheduler: Adding job tentatively -- it will be properly scheduled when the scheduler starts
2026-09-07 15:16:33,645 INFO apscheduler.scheduler: Adding job tentatively -- it will be properly scheduled when the scheduler starts
2026-09-07 15:16:33,645 INFO apscheduler.scheduler: Adding job tentatively -- it will be properly scheduled when the scheduler starts
2026-09-07 15:16:33,645 INFO apscheduler.scheduler: Adding job tentatively -- it will be properly scheduled when the scheduler starts
2026-09-07 15:16:33,647 INFO apscheduler.scheduler: Added job "_run_job" to job store "default"
2026-09-07 15:16:33,647 INFO apscheduler.scheduler: Added job "_run_job" to job store "default"
2026-09-07 15:16:33,647 INFO apscheduler.scheduler: Added job "_run_job" to job store "default"
2026-09-07 15:16:33,647 INFO apscheduler.scheduler: Added job "_run_job" to job store "default"
2026-09-07 15:16:33,647 INFO apscheduler.scheduler: Scheduler started
2026-09-07 15:16:33,648 INFO radar.scheduler: scheduler started
2026-09-07 15:33:15,758 INFO apscheduler.scheduler: Adding job tentatively -- it will be properly scheduled when the scheduler starts
2026-09-07 15:33:15,759 INFO apscheduler.scheduler: Adding job tentatively -- it will be properly scheduled when the scheduler starts
2026-09-07 15:33:15,759 INFO apscheduler.scheduler: Adding job tentatively -- it will be properly scheduled when the scheduler starts
2026-09-07 15:33:15,759 INFO apscheduler.scheduler: Adding job tentatively -- it will be properly scheduled when the scheduler starts
2026-09-07 15:33:15,760 INFO apscheduler.scheduler: Added job "_run_job" to job store "default"
2026-09-07 15:33:15,760 INFO apscheduler.scheduler: Added job "_run_job" to job store "default"
2026-09-07 15:33:15,760 INFO apscheduler.scheduler: Added job "_run_job" to job store "default"
2026-09-07 15:33:15,760 INFO apscheduler.scheduler: Added job "_run_job" to job store "default"
2026-09-07 15:33:15,760 INFO apscheduler.scheduler: Scheduler started
2026-09-07 15:33:15,761 INFO radar.scheduler: scheduler started
2026-09-07 15:33:15,801 INFO httpx: HTTP Request: GET http://testserver/competitors/dashboard "HTTP/1.1 200 OK"
2026-09-07 15:33:15,808 INFO httpx: HTTP Request: GET http://testserver/competitors/dashboard?tiers=A,B,C "HTTP/1.1 200 OK"
2026-09-07 15:33:16,262 INFO httpx: HTTP Request: GET http://testserver/competitors "HTTP/1.1 200 OK"
2026-09-07 15:33:16,309 INFO httpx: HTTP Request: GET http://testserver/competitors/compare "HTTP/1.1 200 OK"
2026-09-07 15:33:45,243 INFO apscheduler.scheduler: Adding job tentatively -- it will be properly scheduled when the scheduler starts
2026-09-07 15:33:45,243 INFO apscheduler.scheduler: Adding job tentatively -- it will be properly scheduled when the scheduler starts
2026-09-07 15:33:45,244 INFO apscheduler.scheduler: Adding job tentatively -- it will be properly scheduled when the scheduler starts
2026-09-07 15:33:45,244 INFO apscheduler.scheduler: Adding job tentatively -- it will be properly scheduled when the scheduler starts
2026-09-07 15:33:45,245 INFO apscheduler.scheduler: Added job "_run_job" to job store "default"
2026-09-07 15:33:45,245 INFO apscheduler.scheduler: Added job "_run_job" to job store "default"
2026-09-07 15:33:45,245 INFO apscheduler.scheduler: Added job "_run_job" to job store "default"
2026-09-07 15:33:45,246 INFO apscheduler.scheduler: Added job "_run_job" to job store "default"
2026-09-07 15:33:45,246 INFO apscheduler.scheduler: Scheduler started
2026-09-07 15:33:45,246 INFO radar.scheduler: scheduler started
2026-09-07 15:37:57,296 INFO apscheduler.scheduler: Adding job tentatively -- it will be properly scheduled when the scheduler starts
2026-09-07 15:37:57,297 INFO apscheduler.scheduler: Adding job tentatively -- it will be properly scheduled when the scheduler starts
2026-09-07 15:37:57,297 INFO apscheduler.scheduler: Adding job tentatively -- it will be properly scheduled when the scheduler starts
2026-09-07 15:37:57,297 INFO apscheduler.scheduler: Adding job tentatively -- it will be properly scheduled when the scheduler starts
2026-09-07 15:37:57,300 INFO apscheduler.scheduler: Added job "_run_job" to job store "default"
2026-09-07 15:37:57,300 INFO apscheduler.scheduler: Added job "_run_job" to job store "default"
2026-09-07 15:37:57,300 INFO apscheduler.scheduler: Added job "_run_job" to job store "default"
2026-09-07 15:37:57,300 INFO apscheduler.scheduler: Added job "_run_job" to job store "default"
2026-09-07 15:37:57,300 INFO apscheduler.scheduler: Scheduler started
2026-09-07 15:37:57,301 INFO radar.scheduler: scheduler started
2026-09-07 15:37:57,395 INFO httpx: HTTP Request: GET http://testserver/competitors/dashboard "HTTP/1.1 200 OK"
2026-09-07 15:37:57,460 INFO httpx: HTTP Request: GET http://testserver/competitors/compare "HTTP/1.1 200 OK"
2026-09-07 15:38:11,220 INFO apscheduler.scheduler: Adding job tentatively -- it will be properly scheduled when the scheduler starts
2026-09-07 15:38:11,220 INFO apscheduler.scheduler: Adding job tentatively -- it will be properly scheduled when the scheduler starts
2026-09-07 15:38:11,221 INFO apscheduler.scheduler: Adding job tentatively -- it will be properly scheduled when the scheduler starts
2026-09-07 15:38:11,221 INFO apscheduler.scheduler: Adding job tentatively -- it will be properly scheduled when the scheduler starts
2026-09-07 15:38:11,222 INFO apscheduler.scheduler: Added job "_run_job" to job store "default"
2026-09-07 15:38:11,222 INFO apscheduler.scheduler: Added job "_run_job" to job store "default"
2026-09-07 15:38:11,222 INFO apscheduler.scheduler: Added job "_run_job" to job store "default"
2026-09-07 15:38:11,222 INFO apscheduler.scheduler: Added job "_run_job" to job store "default"
2026-09-07 15:38:11,222 INFO apscheduler.scheduler: Scheduler started
2026-09-07 15:38:11,223 INFO radar.scheduler: scheduler started
2026-09-07 15:38:11,286 INFO httpx: HTTP Request: GET http://testserver/competitors/dashboard "HTTP/1.1 200 OK"
2026-09-07 15:38:11,341 INFO httpx: HTTP Request: GET http://testserver/competitors/compare "HTTP/1.1 200 OK"
2026-09-07 15:38:11,445 INFO httpx: HTTP Request: GET http://testserver/competitors/7 "HTTP/1.1 200 OK"
2026-09-07 15:38:11,585 INFO httpx: HTTP Request: GET http://testserver/competitors/1 "HTTP/1.1 200 OK"
2026-09-07 15:38:49,538 INFO apscheduler.scheduler: Adding job tentatively -- it will be properly scheduled when the scheduler starts
2026-09-07 15:38:49,539 INFO apscheduler.scheduler: Adding job tentatively -- it will be properly scheduled when the scheduler starts
2026-09-07 15:38:49,539 INFO apscheduler.scheduler: Adding job tentatively -- it will be properly scheduled when the scheduler starts
2026-09-07 15:38:49,540 INFO apscheduler.scheduler: Adding job tentatively -- it will be properly scheduled when the scheduler starts
2026-09-07 15:38:49,541 INFO apscheduler.scheduler: Added job "_run_job" to job store "default"
2026-09-07 15:38:49,541 INFO apscheduler.scheduler: Added job "_run_job" to job store "default"
2026-09-07 15:38:49,542 INFO apscheduler.scheduler: Added job "_run_job" to job store "default"
2026-09-07 15:38:49,542 INFO apscheduler.scheduler: Added job "_run_job" to job store "default"
2026-09-07 15:38:49,542 INFO apscheduler.scheduler: Scheduler started
2026-09-07 15:38:49,543 INFO radar.scheduler: scheduler started
2026-09-07 15:50:15,564 INFO apscheduler.scheduler: Adding job tentatively -- it will be properly scheduled when the scheduler starts
2026-09-07 15:50:15,564 INFO apscheduler.scheduler: Adding job tentatively -- it will be properly scheduled when the scheduler starts
2026-09-07 15:50:15,564 INFO apscheduler.scheduler: Adding job tentatively -- it will be properly scheduled when the scheduler starts
2026-09-07 15:50:15,564 INFO apscheduler.scheduler: Adding job tentatively -- it will be properly scheduled when the scheduler starts
2026-09-07 15:50:15,564 INFO apscheduler.scheduler: Added job "_run_job" to job store "default"
2026-09-07 15:50:15,564 INFO apscheduler.scheduler: Added job "_run_job" to job store "default"
2026-09-07 15:50:15,564 INFO apscheduler.scheduler: Added job "_run_job" to job store "default"
2026-09-07 15:50:15,564 INFO apscheduler.scheduler: Added job "_run_job" to job store "default"
2026-09-07 15:50:15,564 INFO apscheduler.scheduler: Scheduler started
2026-09-07 15:50:15,564 INFO radar.scheduler: scheduler started
2026-09-07 15:50:15,564 INFO httpx: HTTP Request: GET http://testserver/ "HTTP/1.1 303 See Other"
2026-09-07 15:50:15,572 INFO httpx: HTTP Request: GET http://testserver/health "HTTP/1.1 200 OK"
2026-09-07 15:50:15,592 INFO httpx: HTTP Request: GET http://testserver/login "HTTP/1.1 200 OK"
2026-09-07 15:50:16,600 INFO httpx: HTTP Request: POST http://testserver/login "HTTP/1.1 303 See Other"
2026-09-07 15:50:16,604 INFO httpx: HTTP Request: POST http://testserver/login "HTTP/1.1 303 See Other"
2026-09-07 15:50:16,705 INFO httpx: HTTP Request: GET http://testserver/competitors "HTTP/1.1 200 OK"
2026-09-07 15:50:16,707 INFO httpx: HTTP Request: GET http://testserver/logout "HTTP/1.1 303 See Other"
2026-09-07 15:50:16,707 INFO httpx: HTTP Request: GET http://testserver/ "HTTP/1.1 303 See Other"
2026-09-07 15:51:07,411 INFO apscheduler.scheduler: Adding job tentatively -- it will be properly scheduled when the scheduler starts
2026-09-07 15:51:07,411 INFO apscheduler.scheduler: Adding job tentatively -- it will be properly scheduled when the scheduler starts
2026-09-07 15:51:07,411 INFO apscheduler.scheduler: Adding job tentatively -- it will be properly scheduled when the scheduler starts
2026-09-07 15:51:07,411 INFO apscheduler.scheduler: Adding job tentatively -- it will be properly scheduled when the scheduler starts
2026-09-07 15:51:07,411 INFO apscheduler.scheduler: Added job "_run_job" to job store "default"
2026-09-07 15:51:07,411 INFO apscheduler.scheduler: Added job "_run_job" to job store "default"
2026-09-07 15:51:07,411 INFO apscheduler.scheduler: Added job "_run_job" to job store "default"
2026-09-07 15:51:07,411 INFO apscheduler.scheduler: Added job "_run_job" to job store "default"
2026-09-07 15:51:07,411 INFO apscheduler.scheduler: Scheduler started
2026-09-07 15:51:07,411 INFO radar.scheduler: scheduler started
2026-09-07 16:28:16,685 INFO apscheduler.scheduler: Adding job tentatively -- it will be properly scheduled when the scheduler starts
2026-09-07 16:28:16,685 INFO apscheduler.scheduler: Adding job tentatively -- it will be properly scheduled when the scheduler starts
2026-09-07 16:28:16,685 INFO apscheduler.scheduler: Adding job tentatively -- it will be properly scheduled when the scheduler starts
2026-09-07 16:28:16,686 INFO apscheduler.scheduler: Adding job tentatively -- it will be properly scheduled when the scheduler starts
2026-09-07 16:28:16,687 INFO apscheduler.scheduler: Added job "_run_job" to job store "default"
2026-09-07 16:28:16,687 INFO apscheduler.scheduler: Added job "_run_job" to job store "default"
2026-09-07 16:28:16,687 INFO apscheduler.scheduler: Added job "_run_job" to job store "default"
2026-09-07 16:28:16,687 INFO apscheduler.scheduler: Added job "_run_job" to job store "default"
2026-09-07 16:28:16,687 INFO apscheduler.scheduler: Scheduler started
2026-09-07 16:28:16,688 INFO radar.scheduler: scheduler started
2026-09-07 16:53:08,407 INFO apscheduler.scheduler: Adding job tentatively -- it will be properly scheduled when the scheduler starts
2026-09-07 16:53:08,408 INFO apscheduler.scheduler: Adding job tentatively -- it will be properly scheduled when the scheduler starts
2026-09-07 16:53:08,408 INFO apscheduler.scheduler: Adding job tentatively -- it will be properly scheduled when the scheduler starts
2026-09-07 16:53:08,408 INFO apscheduler.scheduler: Adding job tentatively -- it will be properly scheduled when the scheduler starts
2026-09-07 16:53:08,410 INFO apscheduler.scheduler: Added job "_run_job" to job store "default"
2026-09-07 16:53:08,410 INFO apscheduler.scheduler: Added job "_run_job" to job store "default"
2026-09-07 16:53:08,410 INFO apscheduler.scheduler: Added job "_run_job" to job store "default"
2026-09-07 16:53:08,411 INFO apscheduler.scheduler: Added job "_run_job" to job store "default"
2026-09-07 16:53:08,411 INFO apscheduler.scheduler: Scheduler started
2026-09-07 16:53:08,411 INFO radar.scheduler: scheduler started
2026-09-07 17:01:33,896 INFO apscheduler.scheduler: Adding job tentatively -- it will be properly scheduled when the scheduler starts
2026-09-07 17:01:33,896 INFO apscheduler.scheduler: Adding job tentatively -- it will be properly scheduled when the scheduler starts
2026-09-07 17:01:33,896 INFO apscheduler.scheduler: Adding job tentatively -- it will be properly scheduled when the scheduler starts
2026-09-07 17:01:33,896 INFO apscheduler.scheduler: Adding job tentatively -- it will be properly scheduled when the scheduler starts
2026-09-07 17:01:33,896 INFO apscheduler.scheduler: Added job "_run_job" to job store "default"
2026-09-07 17:01:33,896 INFO apscheduler.scheduler: Added job "_run_job" to job store "default"
2026-09-07 17:01:33,896 INFO apscheduler.scheduler: Added job "_run_job" to job store "default"
2026-09-07 17:01:33,904 INFO apscheduler.scheduler: Added job "_run_job" to job store "default"
2026-09-07 17:01:33,904 INFO apscheduler.scheduler: Scheduler started
2026-09-07 17:01:33,904 INFO radar.scheduler: scheduler started
2026-09-07 17:31:52,615 INFO apscheduler.scheduler: Adding job tentatively -- it will be properly scheduled when the scheduler starts
2026-09-07 17:31:52,615 INFO apscheduler.scheduler: Adding job tentatively -- it will be properly scheduled when the scheduler starts
2026-09-07 17:31:52,615 INFO apscheduler.scheduler: Adding job tentatively -- it will be properly scheduled when the scheduler starts
2026-09-07 17:31:52,615 INFO apscheduler.scheduler: Adding job tentatively -- it will be properly scheduled when the scheduler starts
2026-09-07 17:31:52,615 INFO apscheduler.scheduler: Added job "_run_job" to job store "default"
2026-09-07 17:31:52,617 INFO apscheduler.scheduler: Added job "_run_job" to job store "default"
2026-09-07 17:31:52,617 INFO apscheduler.scheduler: Added job "_run_job" to job store "default"
2026-09-07 17:31:52,617 INFO apscheduler.scheduler: Added job "_run_job" to job store "default"
2026-09-07 17:31:52,617 INFO apscheduler.scheduler: Scheduler started
2026-09-07 17:31:52,617 INFO radar.scheduler: scheduler started
2026-09-07 17:39:22,663 INFO apscheduler.scheduler: Adding job tentatively -- it will be properly scheduled when the scheduler starts
2026-09-07 17:39:22,664 INFO apscheduler.scheduler: Adding job tentatively -- it will be properly scheduled when the scheduler starts
2026-09-07 17:39:22,664 INFO apscheduler.scheduler: Adding job tentatively -- it will be properly scheduled when the scheduler starts
2026-09-07 17:39:22,664 INFO apscheduler.scheduler: Adding job tentatively -- it will be properly scheduled when the scheduler starts
2026-09-07 17:39:22,665 INFO apscheduler.scheduler: Added job "_run_job" to job store "default"
2026-09-07 17:39:22,665 INFO apscheduler.scheduler: Added job "_run_job" to job store "default"
2026-09-07 17:39:22,665 INFO apscheduler.scheduler: Added job "_run_job" to job store "default"
2026-09-07 17:39:22,665 INFO apscheduler.scheduler: Added job "_run_job" to job store "default"
2026-09-07 17:39:22,665 INFO apscheduler.scheduler: Scheduler started
2026-09-07 17:39:22,666 INFO radar.scheduler: scheduler started
2026-09-07 17:39:45,154 INFO apscheduler.scheduler: Adding job tentatively -- it will be properly scheduled when the scheduler starts
2026-09-07 17:39:45,154 INFO apscheduler.scheduler: Adding job tentatively -- it will be properly scheduled when the scheduler starts
2026-09-07 17:39:45,154 INFO apscheduler.scheduler: Adding job tentatively -- it will be properly scheduled when the scheduler starts
2026-09-07 17:39:45,154 INFO apscheduler.scheduler: Adding job tentatively -- it will be properly scheduled when the scheduler starts
2026-09-07 17:39:45,155 INFO apscheduler.scheduler: Added job "_run_job" to job store "default"
2026-09-07 17:39:45,155 INFO apscheduler.scheduler: Added job "_run_job" to job store "default"
2026-09-07 17:39:45,156 INFO apscheduler.scheduler: Added job "_run_job" to job store "default"
2026-09-07 17:39:45,156 INFO apscheduler.scheduler: Added job "_run_job" to job store "default"
2026-09-07 17:39:45,156 INFO apscheduler.scheduler: Scheduler started
2026-09-07 17:39:45,156 INFO radar.scheduler: scheduler started
2026-09-07 17:39:45,170 INFO httpx: HTTP Request: GET http://testserver/changelog "HTTP/1.1 200 OK"
2026-09-07 17:39:58,248 INFO apscheduler.scheduler: Adding job tentatively -- it will be properly scheduled when the scheduler starts
2026-09-07 17:39:58,249 INFO apscheduler.scheduler: Adding job tentatively -- it will be properly scheduled when the scheduler starts
2026-09-07 17:39:58,249 INFO apscheduler.scheduler: Adding job tentatively -- it will be properly scheduled when the scheduler starts
2026-09-07 17:39:58,249 INFO apscheduler.scheduler: Adding job tentatively -- it will be properly scheduled when the scheduler starts
2026-09-07 17:39:58,250 INFO apscheduler.scheduler: Added job "_run_job" to job store "default"
2026-09-07 17:39:58,251 INFO apscheduler.scheduler: Added job "_run_job" to job store "default"
2026-09-07 17:39:58,251 INFO apscheduler.scheduler: Added job "_run_job" to job store "default"
2026-09-07 17:39:58,251 INFO apscheduler.scheduler: Added job "_run_job" to job store "default"
2026-09-07 17:39:58,251 INFO apscheduler.scheduler: Scheduler started
2026-09-07 17:39:58,252 INFO radar.scheduler: scheduler started
2026-09-07 17:44:47,358 INFO apscheduler.scheduler: Adding job tentatively -- it will be properly scheduled when the scheduler starts
2026-09-07 17:44:47,358 INFO apscheduler.scheduler: Adding job tentatively -- it will be properly scheduled when the scheduler starts
2026-09-07 17:44:47,358 INFO apscheduler.scheduler: Adding job tentatively -- it will be properly scheduled when the scheduler starts
2026-09-07 17:44:47,359 INFO apscheduler.scheduler: Adding job tentatively -- it will be properly scheduled when the scheduler starts
2026-09-07 17:44:47,360 INFO apscheduler.scheduler: Added job "_run_job" to job store "default"
2026-09-07 17:44:47,360 INFO apscheduler.scheduler: Added job "_run_job" to job store "default"
2026-09-07 17:44:47,360 INFO apscheduler.scheduler: Added job "_run_job" to job store "default"
2026-09-07 17:44:47,360 INFO apscheduler.scheduler: Added job "_run_job" to job store "default"
2026-09-07 17:44:47,360 INFO apscheduler.scheduler: Scheduler started
2026-09-07 17:44:47,360 INFO radar.scheduler: scheduler started
2026-09-07 17:44:47,402 INFO httpx: HTTP Request: GET http://testserver/competitors/tenders "HTTP/1.1 200 OK"
2026-09-07 17:44:47,508 INFO httpx: HTTP Request: GET http://testserver/competitors "HTTP/1.1 200 OK"
2026-09-07 17:44:47,566 INFO httpx: HTTP Request: GET http://testserver/competitors?category=disposable_headphones "HTTP/1.1 200 OK"
2026-09-07 17:44:47,613 INFO httpx: HTTP Request: GET http://testserver/competitors/dashboard?tiers=A,B "HTTP/1.1 200 OK"
2026-09-07 17:44:47,683 INFO httpx: HTTP Request: GET http://testserver/competitors/compare?tiers=A,B "HTTP/1.1 200 OK"
2026-09-07 17:45:06,846 INFO apscheduler.scheduler: Adding job tentatively -- it will be properly scheduled when the scheduler starts
2026-09-07 17:45:06,847 INFO apscheduler.scheduler: Adding job tentatively -- it will be properly scheduled when the scheduler starts
2026-09-07 17:45:06,847 INFO apscheduler.scheduler: Adding job tentatively -- it will be properly scheduled when the scheduler starts
2026-09-07 17:45:06,847 INFO apscheduler.scheduler: Adding job tentatively -- it will be properly scheduled when the scheduler starts
2026-09-07 17:45:06,848 INFO apscheduler.scheduler: Added job "_run_job" to job store "default"
2026-09-07 17:45:06,849 INFO apscheduler.scheduler: Added job "_run_job" to job store "default"
2026-09-07 17:45:06,849 INFO apscheduler.scheduler: Added job "_run_job" to job store "default"
2026-09-07 17:45:06,849 INFO apscheduler.scheduler: Added job "_run_job" to job store "default"
2026-09-07 17:45:06,849 INFO apscheduler.scheduler: Scheduler started
2026-09-07 17:45:06,850 INFO radar.scheduler: scheduler started
2026-09-07 17:49:06,275 INFO apscheduler.scheduler: Adding job tentatively -- it will be properly scheduled when the scheduler starts
2026-09-07 17:49:06,275 INFO apscheduler.scheduler: Adding job tentatively -- it will be properly scheduled when the scheduler starts
2026-09-07 17:49:06,275 INFO apscheduler.scheduler: Adding job tentatively -- it will be properly scheduled when the scheduler starts
2026-09-07 17:49:06,275 INFO apscheduler.scheduler: Adding job tentatively -- it will be properly scheduled when the scheduler starts
2026-09-07 17:49:06,276 INFO apscheduler.scheduler: Added job "_run_job" to job store "default"
2026-09-07 17:49:06,276 INFO apscheduler.scheduler: Added job "_run_job" to job store "default"
2026-09-07 17:49:06,277 INFO apscheduler.scheduler: Added job "_run_job" to job store "default"
2026-09-07 17:49:06,277 INFO apscheduler.scheduler: Added job "_run_job" to job store "default"
2026-09-07 17:49:06,277 INFO apscheduler.scheduler: Scheduler started
2026-09-07 17:49:06,277 INFO radar.scheduler: scheduler started
2026-09-07 17:49:06,323 INFO httpx: HTTP Request: GET http://testserver/competitors/tenders "HTTP/1.1 200 OK"
2026-09-07 17:49:06,399 INFO httpx: HTTP Request: GET http://testserver/competitors/dashboard?tiers=A,B "HTTP/1.1 200 OK"
2026-09-07 17:49:06,477 INFO httpx: HTTP Request: GET http://testserver/competitors/compare "HTTP/1.1 200 OK"
2026-09-07 17:49:06,580 INFO httpx: HTTP Request: GET http://testserver/competitors "HTTP/1.1 200 OK"
2026-09-07 17:49:06,669 INFO httpx: HTTP Request: GET http://testserver/competitors/9 "HTTP/1.1 200 OK"
2026-09-07 17:49:42,169 INFO apscheduler.scheduler: Adding job tentatively -- it will be properly scheduled when the scheduler starts
2026-09-07 17:49:42,170 INFO apscheduler.scheduler: Adding job tentatively -- it will be properly scheduled when the scheduler starts
2026-09-07 17:49:42,170 INFO apscheduler.scheduler: Adding job tentatively -- it will be properly scheduled when the scheduler starts
2026-09-07 17:49:42,171 INFO apscheduler.scheduler: Adding job tentatively -- it will be properly scheduled when the scheduler starts
2026-09-07 17:49:42,172 INFO apscheduler.scheduler: Added job "_run_job" to job store "default"
2026-09-07 17:49:42,172 INFO apscheduler.scheduler: Added job "_run_job" to job store "default"
2026-09-07 17:49:42,172 INFO apscheduler.scheduler: Added job "_run_job" to job store "default"
2026-09-07 17:49:42,172 INFO apscheduler.scheduler: Added job "_run_job" to job store "default"
2026-09-07 17:49:42,172 INFO apscheduler.scheduler: Scheduler started
2026-09-07 17:49:42,173 INFO radar.scheduler: scheduler started
2026-09-07 19:33:56,928 INFO apscheduler.scheduler: Adding job tentatively -- it will be properly scheduled when the scheduler starts
2026-09-07 19:33:56,928 INFO apscheduler.scheduler: Adding job tentatively -- it will be properly scheduled when the scheduler starts
2026-09-07 19:33:56,929 INFO apscheduler.scheduler: Adding job tentatively -- it will be properly scheduled when the scheduler starts
2026-09-07 19:33:56,929 INFO apscheduler.scheduler: Adding job tentatively -- it will be properly scheduled when the scheduler starts
2026-09-07 19:33:56,930 INFO apscheduler.scheduler: Added job "_run_job" to job store "default"
2026-09-07 19:33:56,930 INFO apscheduler.scheduler: Added job "_run_job" to job store "default"
2026-09-07 19:33:56,930 INFO apscheduler.scheduler: Added job "_run_job" to job store "default"
2026-09-07 19:33:56,931 INFO apscheduler.scheduler: Added job "_run_job" to job store "default"
2026-09-07 19:33:56,931 INFO apscheduler.scheduler: Scheduler started
2026-09-07 19:33:56,931 INFO radar.scheduler: scheduler started
2026-09-07 19:43:30,412 INFO apscheduler.scheduler: Adding job tentatively -- it will be properly scheduled when the scheduler starts
2026-09-07 19:43:30,412 INFO apscheduler.scheduler: Adding job tentatively -- it will be properly scheduled when the scheduler starts
2026-09-07 19:43:30,412 INFO apscheduler.scheduler: Adding job tentatively -- it will be properly scheduled when the scheduler starts
2026-09-07 19:43:30,419 INFO apscheduler.scheduler: Adding job tentatively -- it will be properly scheduled when the scheduler starts
2026-09-07 19:43:30,419 INFO apscheduler.scheduler: Added job "_run_job" to job store "default"
2026-09-07 19:43:30,419 INFO apscheduler.scheduler: Added job "_run_job" to job store "default"
2026-09-07 19:43:30,419 INFO apscheduler.scheduler: Added job "_run_job" to job store "default"
2026-09-07 19:43:30,419 INFO apscheduler.scheduler: Added job "_run_job" to job store "default"
2026-09-07 19:43:30,419 INFO apscheduler.scheduler: Scheduler started
2026-09-07 19:43:30,419 INFO radar.scheduler: scheduler started
2026-09-07 20:01:47,510 INFO apscheduler.scheduler: Adding job tentatively -- it will be properly scheduled when the scheduler starts
2026-09-07 20:01:47,510 INFO apscheduler.scheduler: Adding job tentatively -- it will be properly scheduled when the scheduler starts
2026-09-07 20:01:47,510 INFO apscheduler.scheduler: Adding job tentatively -- it will be properly scheduled when the scheduler starts
2026-09-07 20:01:47,511 INFO apscheduler.scheduler: Adding job tentatively -- it will be properly scheduled when the scheduler starts
2026-09-07 20:01:47,512 INFO apscheduler.scheduler: Added job "_run_job" to job store "default"
2026-09-07 20:01:47,512 INFO apscheduler.scheduler: Added job "_run_job" to job store "default"
2026-09-07 20:01:47,512 INFO apscheduler.scheduler: Added job "_run_job" to job store "default"
2026-09-07 20:01:47,512 INFO apscheduler.scheduler: Added job "_run_job" to job store "default"
2026-09-07 20:01:47,512 INFO apscheduler.scheduler: Scheduler started
2026-09-07 20:01:47,513 INFO radar.scheduler: scheduler started
2026-09-07 20:06:26,474 INFO apscheduler.scheduler: Adding job tentatively -- it will be properly scheduled when the scheduler starts
2026-09-07 20:06:26,475 INFO apscheduler.scheduler: Adding job tentatively -- it will be properly scheduled when the scheduler starts
2026-09-07 20:06:26,476 INFO apscheduler.scheduler: Adding job tentatively -- it will be properly scheduled when the scheduler starts
2026-09-07 20:06:26,476 INFO apscheduler.scheduler: Adding job tentatively -- it will be properly scheduled when the scheduler starts
2026-09-07 20:06:26,477 INFO apscheduler.scheduler: Added job "_run_job" to job store "default"
2026-09-07 20:06:26,477 INFO apscheduler.scheduler: Added job "_run_job" to job store "default"
2026-09-07 20:06:26,478 INFO apscheduler.scheduler: Added job "_run_job" to job store "default"
2026-09-07 20:06:26,478 INFO apscheduler.scheduler: Added job "_run_job" to job store "default"
2026-09-07 20:06:26,478 INFO apscheduler.scheduler: Scheduler started
2026-09-07 20:06:26,478 INFO radar.scheduler: scheduler started
2026-09-07 20:35:14,832 INFO radar.collectors.competitor_generic: sitemap https://www.cromi.ru/sitemap.xml: +1 страниц
2026-09-07 20:40:51,152 INFO radar.collectors.competitor_generic: sitemap https://sinexpo.ru/sitemap.xml: +6 страниц
2026-09-07 20:41:26,529 INFO radar.collectors.competitor_generic: sitemap https://www.cromi.ru/sitemap.xml: +1 страниц
2026-09-07 20:41:26,697 INFO radar.collectors.competitor_generic: sitemap https://sinexpo.ru/sitemap.xml: +0 страниц
2026-09-07 20:41:27,408 INFO radar.collectors.competitor_generic: sitemap https://spbaudio.ru/sitemap.xml: +0 страниц
2026-09-07 20:41:27,775 INFO radar.collectors.competitor_generic: sitemap https://retekess.com.ru/sitemap.xml: +1 страниц
2026-09-07 20:43:56,616 INFO apscheduler.scheduler: Adding job tentatively -- it will be properly scheduled when the scheduler starts
2026-09-07 20:43:56,617 INFO apscheduler.scheduler: Adding job tentatively -- it will be properly scheduled when the scheduler starts
2026-09-07 20:43:56,617 INFO apscheduler.scheduler: Adding job tentatively -- it will be properly scheduled when the scheduler starts
2026-09-07 20:43:56,617 INFO apscheduler.scheduler: Adding job tentatively -- it will be properly scheduled when the scheduler starts
2026-09-07 20:43:56,618 INFO apscheduler.scheduler: Added job "_run_job" to job store "default"
2026-09-07 20:43:56,618 INFO apscheduler.scheduler: Added job "_run_job" to job store "default"
2026-09-07 20:43:56,619 INFO apscheduler.scheduler: Added job "_run_job" to job store "default"
2026-09-07 20:43:56,619 INFO apscheduler.scheduler: Added job "_run_job" to job store "default"
2026-09-07 20:43:56,619 INFO apscheduler.scheduler: Scheduler started
2026-09-07 20:43:56,619 INFO radar.scheduler: scheduler started
2026-09-07 20:46:56,466 INFO radar.collectors.competitor_generic: sitemap https://tour-audio.ru/sitemap.xml: +0 страниц
2026-09-07 20:48:18,452 INFO radar.collectors.competitor_generic: sitemap https://sin24.ru/sitemap.xml: +0 страниц
2026-09-07 20:48:51,169 INFO radar.collectors.competitor_generic: sitemap https://crystal-sound.com/sitemap.xml: +0 страниц
2026-09-07 20:52:07,656 INFO radar.collectors.competitor_generic: sitemap https://spbsinhro.ru/sitemap.xml: +0 страниц
2026-09-07 20:52:46,148 INFO radar.collectors.competitor_generic: sitemap https://radio-tourist.ru/sitemap.xml: +0 страниц
2026-09-07 20:58:28,083 INFO radar.collectors.competitor_generic: sitemap https://retekess.com.ru/sitemap.xml: +1 страниц
2026-09-07 21:07:16,620 INFO apscheduler.scheduler: Adding job tentatively -- it will be properly scheduled when the scheduler starts
2026-09-07 21:07:16,621 INFO apscheduler.scheduler: Adding job tentatively -- it will be properly scheduled when the scheduler starts
2026-09-07 21:07:16,622 INFO apscheduler.scheduler: Adding job tentatively -- it will be properly scheduled when the scheduler starts
2026-09-07 21:07:16,622 INFO apscheduler.scheduler: Adding job tentatively -- it will be properly scheduled when the scheduler starts
2026-09-07 21:07:16,623 INFO apscheduler.scheduler: Added job "_run_job" to job store "default"
2026-09-07 21:07:16,623 INFO apscheduler.scheduler: Added job "_run_job" to job store "default"
2026-09-07 21:07:16,623 INFO apscheduler.scheduler: Added job "_run_job" to job store "default"
2026-09-07 21:07:16,624 INFO apscheduler.scheduler: Added job "_run_job" to job store "default"
2026-09-07 21:07:16,624 INFO apscheduler.scheduler: Scheduler started
2026-09-07 21:07:16,624 INFO radar.scheduler: scheduler started
2026-09-07 21:36:25,704 INFO radar.signals: signals: {'competitor_price_change': 0, 'appear_disappear': 1167, 'new_category': 0, 'new_competitor': 17, 'multi_competitor': 3, 'price_vs_market': 10, 'demand': 0, 'new_use_case': 0, 'cross_site': 0, 'source_errors': 2}
2026-09-07 21:38:28,751 INFO apscheduler.scheduler: Adding job tentatively -- it will be properly scheduled when the scheduler starts
2026-09-07 21:38:28,751 INFO apscheduler.scheduler: Adding job tentatively -- it will be properly scheduled when the scheduler starts
2026-09-07 21:38:28,751 INFO apscheduler.scheduler: Adding job tentatively -- it will be properly scheduled when the scheduler starts
2026-09-07 21:38:28,752 INFO apscheduler.scheduler: Adding job tentatively -- it will be properly scheduled when the scheduler starts
2026-09-07 21:38:28,753 INFO apscheduler.scheduler: Added job "_run_job" to job store "default"
2026-09-07 21:38:28,753 INFO apscheduler.scheduler: Added job "_run_job" to job store "default"
2026-09-07 21:38:28,753 INFO apscheduler.scheduler: Added job "_run_job" to job store "default"
2026-09-07 21:38:28,753 INFO apscheduler.scheduler: Added job "_run_job" to job store "default"
2026-09-07 21:38:28,753 INFO apscheduler.scheduler: Scheduler started
2026-09-07 21:38:28,754 INFO radar.scheduler: scheduler started
2026-09-08 16:49:10,258 INFO apscheduler.scheduler: Adding job tentatively -- it will be properly scheduled when the scheduler starts
2026-09-08 16:49:10,258 INFO apscheduler.scheduler: Adding job tentatively -- it will be properly scheduled when the scheduler starts
2026-09-08 16:49:10,258 INFO apscheduler.scheduler: Adding job tentatively -- it will be properly scheduled when the scheduler starts
2026-09-08 16:49:10,258 INFO apscheduler.scheduler: Adding job tentatively -- it will be properly scheduled when the scheduler starts
2026-09-08 16:49:10,258 INFO apscheduler.scheduler: Added job "_run_job" to job store "default"
2026-09-08 16:49:10,258 INFO apscheduler.scheduler: Added job "_run_job" to job store "default"
2026-09-08 16:49:10,258 INFO apscheduler.scheduler: Added job "_run_job" to job store "default"
2026-09-08 16:49:10,258 INFO apscheduler.scheduler: Added job "_run_job" to job store "default"
2026-09-08 16:49:10,258 INFO apscheduler.scheduler: Scheduler started
2026-09-08 16:49:10,258 INFO radar.scheduler: scheduler started
2026-09-08 16:51:57,252 INFO apscheduler.scheduler: Adding job tentatively -- it will be properly scheduled when the scheduler starts
2026-09-08 16:51:57,252 INFO apscheduler.scheduler: Adding job tentatively -- it will be properly scheduled when the scheduler starts
2026-09-08 16:51:57,252 INFO apscheduler.scheduler: Adding job tentatively -- it will be properly scheduled when the scheduler starts
2026-09-08 16:51:57,252 INFO apscheduler.scheduler: Adding job tentatively -- it will be properly scheduled when the scheduler starts
2026-09-08 16:51:57,256 INFO apscheduler.scheduler: Added job "_run_job" to job store "default"
2026-09-08 16:51:57,256 INFO apscheduler.scheduler: Added job "_run_job" to job store "default"
2026-09-08 16:51:57,258 INFO apscheduler.scheduler: Added job "_run_job" to job store "default"
2026-09-08 16:51:57,258 INFO apscheduler.scheduler: Added job "_run_job" to job store "default"
2026-09-08 16:51:57,258 INFO apscheduler.scheduler: Scheduler started
2026-09-08 16:51:57,258 INFO radar.scheduler: scheduler started
2026-09-08 16:55:30,327 INFO apscheduler.scheduler: Adding job tentatively -- it will be properly scheduled when the scheduler starts
2026-09-08 16:55:30,327 INFO apscheduler.scheduler: Adding job tentatively -- it will be properly scheduled when the scheduler starts
2026-09-08 16:55:30,327 INFO apscheduler.scheduler: Adding job tentatively -- it will be properly scheduled when the scheduler starts
2026-09-08 16:55:30,327 INFO apscheduler.scheduler: Adding job tentatively -- it will be properly scheduled when the scheduler starts
2026-09-08 16:55:30,327 INFO apscheduler.scheduler: Added job "_run_job" to job store "default"
2026-09-08 16:55:30,327 INFO apscheduler.scheduler: Added job "_run_job" to job store "default"
2026-09-08 16:55:30,327 INFO apscheduler.scheduler: Added job "_run_job" to job store "default"
2026-09-08 16:55:30,327 INFO apscheduler.scheduler: Added job "_run_job" to job store "default"
2026-09-08 16:55:30,327 INFO apscheduler.scheduler: Scheduler started
2026-09-08 16:55:30,327 INFO radar.scheduler: scheduler started
2026-09-08 17:25:34,609 INFO radar.signals: signals: {'competitor_price_change': 0, 'appear_disappear': 1206, 'new_category': 0, 'new_competitor': 0, 'multi_competitor': 0, 'price_vs_market': 4, 'demand': 0, 'new_use_case': 0, 'cross_site': 0, 'source_errors': 0}
2026-09-08 17:25:41,310 INFO apscheduler.scheduler: Adding job tentatively -- it will be properly scheduled when the scheduler starts
2026-09-08 17:25:41,310 INFO apscheduler.scheduler: Adding job tentatively -- it will be properly scheduled when the scheduler starts
2026-09-08 17:25:41,310 INFO apscheduler.scheduler: Adding job tentatively -- it will be properly scheduled when the scheduler starts
2026-09-08 17:25:41,310 INFO apscheduler.scheduler: Adding job tentatively -- it will be properly scheduled when the scheduler starts
2026-09-08 17:25:41,314 INFO apscheduler.scheduler: Added job "_run_job" to job store "default"
2026-09-08 17:25:41,314 INFO apscheduler.scheduler: Added job "_run_job" to job store "default"
2026-09-08 17:25:41,314 INFO apscheduler.scheduler: Added job "_run_job" to job store "default"
2026-09-08 17:25:41,314 INFO apscheduler.scheduler: Added job "_run_job" to job store "default"
2026-09-08 17:25:41,314 INFO apscheduler.scheduler: Scheduler started
2026-09-08 17:25:41,316 INFO radar.scheduler: scheduler started
2026-09-08 17:42:33,694 INFO apscheduler.scheduler: Adding job tentatively -- it will be properly scheduled when the scheduler starts
2026-09-08 17:42:33,694 INFO apscheduler.scheduler: Adding job tentatively -- it will be properly scheduled when the scheduler starts
2026-09-08 17:42:33,697 INFO apscheduler.scheduler: Adding job tentatively -- it will be properly scheduled when the scheduler starts
2026-09-08 17:42:33,698 INFO apscheduler.scheduler: Adding job tentatively -- it will be properly scheduled when the scheduler starts
2026-09-08 17:42:33,700 INFO apscheduler.scheduler: Added job "_run_job" to job store "default"
2026-09-08 17:42:33,700 INFO apscheduler.scheduler: Added job "_run_job" to job store "default"
2026-09-08 17:42:33,700 INFO apscheduler.scheduler: Added job "_run_job" to job store "default"
2026-09-08 17:42:33,700 INFO apscheduler.scheduler: Added job "_run_job" to job store "default"
2026-09-08 17:42:33,700 INFO apscheduler.scheduler: Scheduler started
2026-09-08 17:42:33,700 INFO radar.scheduler: scheduler started
2026-09-08 17:44:26,788 INFO apscheduler.scheduler: Adding job tentatively -- it will be properly scheduled when the scheduler starts
2026-09-08 17:44:26,788 INFO apscheduler.scheduler: Adding job tentatively -- it will be properly scheduled when the scheduler starts
2026-09-08 17:44:26,788 INFO apscheduler.scheduler: Adding job tentatively -- it will be properly scheduled when the scheduler starts
2026-09-08 17:44:26,788 INFO apscheduler.scheduler: Adding job tentatively -- it will be properly scheduled when the scheduler starts
2026-09-08 17:44:26,788 INFO apscheduler.scheduler: Added job "_run_job" to job store "default"
2026-09-08 17:44:26,788 INFO apscheduler.scheduler: Added job "_run_job" to job store "default"
2026-09-08 17:44:26,788 INFO apscheduler.scheduler: Added job "_run_job" to job store "default"
2026-09-08 17:44:26,793 INFO apscheduler.scheduler: Added job "_run_job" to job store "default"
2026-09-08 17:44:26,793 INFO apscheduler.scheduler: Scheduler started
2026-09-08 17:44:26,795 INFO radar.scheduler: scheduler started
2026-09-08 17:52:50,487 INFO apscheduler.scheduler: Adding job tentatively -- it will be properly scheduled when the scheduler starts
2026-09-08 17:52:50,487 INFO apscheduler.scheduler: Adding job tentatively -- it will be properly scheduled when the scheduler starts
2026-09-08 17:52:50,487 INFO apscheduler.scheduler: Adding job tentatively -- it will be properly scheduled when the scheduler starts
2026-09-08 17:52:50,487 INFO apscheduler.scheduler: Adding job tentatively -- it will be properly scheduled when the scheduler starts
2026-09-08 17:52:50,501 INFO apscheduler.scheduler: Added job "_run_job" to job store "default"
2026-09-08 17:52:50,501 INFO apscheduler.scheduler: Added job "_run_job" to job store "default"
2026-09-08 17:52:50,501 INFO apscheduler.scheduler: Added job "_run_job" to job store "default"
2026-09-08 17:52:50,501 INFO apscheduler.scheduler: Added job "_run_job" to job store "default"
2026-09-08 17:52:50,501 INFO apscheduler.scheduler: Scheduler started
2026-09-08 17:52:50,504 INFO radar.scheduler: scheduler started
2026-09-08 17:57:51,947 INFO apscheduler.scheduler: Adding job tentatively -- it will be properly scheduled when the scheduler starts
2026-09-08 17:57:51,948 INFO apscheduler.scheduler: Adding job tentatively -- it will be properly scheduled when the scheduler starts
2026-09-08 17:57:51,948 INFO apscheduler.scheduler: Adding job tentatively -- it will be properly scheduled when the scheduler starts
2026-09-08 17:57:51,948 INFO apscheduler.scheduler: Adding job tentatively -- it will be properly scheduled when the scheduler starts
2026-09-08 17:57:51,951 INFO apscheduler.scheduler: Added job "_run_job" to job store "default"
2026-09-08 17:57:51,951 INFO apscheduler.scheduler: Added job "_run_job" to job store "default"
2026-09-08 17:57:51,951 INFO apscheduler.scheduler: Added job "_run_job" to job store "default"
2026-09-08 17:57:51,951 INFO apscheduler.scheduler: Added job "_run_job" to job store "default"
2026-09-08 17:57:51,951 INFO apscheduler.scheduler: Scheduler started
2026-09-08 17:57:51,951 INFO radar.scheduler: scheduler started
2026-09-08 18:21:34,873 INFO apscheduler.scheduler: Adding job tentatively -- it will be properly scheduled when the scheduler starts
2026-09-08 18:21:34,874 INFO apscheduler.scheduler: Adding job tentatively -- it will be properly scheduled when the scheduler starts
2026-09-08 18:21:34,875 INFO apscheduler.scheduler: Adding job tentatively -- it will be properly scheduled when the scheduler starts
2026-09-08 18:21:34,875 INFO apscheduler.scheduler: Adding job tentatively -- it will be properly scheduled when the scheduler starts
2026-09-08 18:21:34,878 INFO apscheduler.scheduler: Added job "_run_job" to job store "default"
2026-09-08 18:21:34,878 INFO apscheduler.scheduler: Added job "_run_job" to job store "default"
2026-09-08 18:21:34,878 INFO apscheduler.scheduler: Added job "_run_job" to job store "default"
2026-09-08 18:21:34,880 INFO apscheduler.scheduler: Added job "_run_job" to job store "default"
2026-09-08 18:21:34,880 INFO apscheduler.scheduler: Scheduler started
2026-09-08 18:21:34,880 INFO radar.scheduler: scheduler started
2026-09-08 18:31:21,085 INFO radar.signals: signals: {'competitor_price_change': 0, 'appear_disappear': 1206, 'new_category': 0, 'new_competitor': 0, 'multi_competitor': 0, 'price_vs_market': 1, 'demand': 0, 'new_use_case': 0, 'cross_site': 5, 'source_errors': 0}
2026-09-08 18:32:06,728 INFO radar.signals: signals: {'competitor_price_change': 0, 'appear_disappear': 1206, 'new_category': 0, 'new_competitor': 0, 'multi_competitor': 0, 'price_vs_market': 0, 'demand': 0, 'new_use_case': 0, 'cross_site': 0, 'source_errors': 0}
2026-09-08 18:32:14,867 INFO apscheduler.scheduler: Adding job tentatively -- it will be properly scheduled when the scheduler starts
2026-09-08 18:32:14,869 INFO apscheduler.scheduler: Adding job tentatively -- it will be properly scheduled when the scheduler starts
2026-09-08 18:32:14,869 INFO apscheduler.scheduler: Adding job tentatively -- it will be properly scheduled when the scheduler starts
2026-09-08 18:32:14,870 INFO apscheduler.scheduler: Adding job tentatively -- it will be properly scheduled when the scheduler starts
2026-09-08 18:32:14,874 INFO apscheduler.scheduler: Added job "_run_job" to job store "default"
2026-09-08 18:32:14,874 INFO apscheduler.scheduler: Added job "_run_job" to job store "default"
2026-09-08 18:32:14,874 INFO apscheduler.scheduler: Added job "_run_job" to job store "default"
2026-09-08 18:32:14,874 INFO apscheduler.scheduler: Added job "_run_job" to job store "default"
2026-09-08 18:32:14,874 INFO apscheduler.scheduler: Scheduler started
2026-09-08 18:32:14,874 INFO radar.scheduler: scheduler started
2026-09-08 18:39:22,833 INFO radar.signals: signals: {'competitor_price_change': 0, 'appear_disappear': 1206, 'new_category': 0, 'new_competitor': 0, 'multi_competitor': 0, 'price_vs_market': 1, 'demand': 0, 'new_use_case': 0, 'cross_site': 0, 'source_errors': 0}
2026-09-08 18:39:32,123 INFO apscheduler.scheduler: Adding job tentatively -- it will be properly scheduled when the scheduler starts
2026-09-08 18:39:32,125 INFO apscheduler.scheduler: Adding job tentatively -- it will be properly scheduled when the scheduler starts
2026-09-08 18:39:32,125 INFO apscheduler.scheduler: Adding job tentatively -- it will be properly scheduled when the scheduler starts
2026-09-08 18:39:32,127 INFO apscheduler.scheduler: Adding job tentatively -- it will be properly scheduled when the scheduler starts
2026-09-08 18:39:32,130 INFO apscheduler.scheduler: Added job "_run_job" to job store "default"
2026-09-08 18:39:32,131 INFO apscheduler.scheduler: Added job "_run_job" to job store "default"
2026-09-08 18:39:32,131 INFO apscheduler.scheduler: Added job "_run_job" to job store "default"
2026-09-08 18:39:32,131 INFO apscheduler.scheduler: Added job "_run_job" to job store "default"
2026-09-08 18:39:32,131 INFO apscheduler.scheduler: Scheduler started
2026-09-08 18:39:32,133 INFO radar.scheduler: scheduler started
2026-09-08 18:40:22,403 INFO radar.signals: signals: {'competitor_price_change': 0, 'appear_disappear': 1206, 'new_category': 0, 'new_competitor': 0, 'multi_competitor': 0, 'price_vs_market': 0, 'demand': 0, 'new_use_case': 0, 'cross_site': 0, 'source_errors': 0}
2026-09-08 18:40:42,051 INFO apscheduler.scheduler: Adding job tentatively -- it will be properly scheduled when the scheduler starts
2026-09-08 18:40:42,053 INFO apscheduler.scheduler: Adding job tentatively -- it will be properly scheduled when the scheduler starts
2026-09-08 18:40:42,053 INFO apscheduler.scheduler: Adding job tentatively -- it will be properly scheduled when the scheduler starts
2026-09-08 18:40:42,053 INFO apscheduler.scheduler: Adding job tentatively -- it will be properly scheduled when the scheduler starts
2026-09-08 18:40:42,057 INFO apscheduler.scheduler: Added job "_run_job" to job store "default"
2026-09-08 18:40:42,057 INFO apscheduler.scheduler: Added job "_run_job" to job store "default"
2026-09-08 18:40:42,057 INFO apscheduler.scheduler: Added job "_run_job" to job store "default"
2026-09-08 18:40:42,057 INFO apscheduler.scheduler: Added job "_run_job" to job store "default"
2026-09-08 18:40:42,057 INFO apscheduler.scheduler: Scheduler started
2026-09-08 18:40:42,061 INFO radar.scheduler: scheduler started
2026-09-08 19:00:56,344 INFO apscheduler.scheduler: Adding job tentatively -- it will be properly scheduled when the scheduler starts
2026-09-08 19:00:56,346 INFO apscheduler.scheduler: Adding job tentatively -- it will be properly scheduled when the scheduler starts
2026-09-08 19:00:56,346 INFO apscheduler.scheduler: Adding job tentatively -- it will be properly scheduled when the scheduler starts
2026-09-08 19:00:56,348 INFO apscheduler.scheduler: Adding job tentatively -- it will be properly scheduled when the scheduler starts
2026-09-08 19:00:56,351 INFO apscheduler.scheduler: Added job "_run_job" to job store "default"
2026-09-08 19:00:56,351 INFO apscheduler.scheduler: Added job "_run_job" to job store "default"
2026-09-08 19:00:56,351 INFO apscheduler.scheduler: Added job "_run_job" to job store "default"
2026-09-08 19:00:56,353 INFO apscheduler.scheduler: Added job "_run_job" to job store "default"
2026-09-08 19:00:56,353 INFO apscheduler.scheduler: Scheduler started
2026-09-08 19:00:56,353 INFO radar.scheduler: scheduler started
2026-09-08 19:23:45,281 INFO apscheduler.scheduler: Adding job tentatively -- it will be properly scheduled when the scheduler starts
2026-09-08 19:23:45,281 INFO apscheduler.scheduler: Adding job tentatively -- it will be properly scheduled when the scheduler starts
2026-09-08 19:23:45,281 INFO apscheduler.scheduler: Adding job tentatively -- it will be properly scheduled when the scheduler starts
2026-09-08 19:23:45,281 INFO apscheduler.scheduler: Adding job tentatively -- it will be properly scheduled when the scheduler starts
2026-09-08 19:23:45,281 INFO apscheduler.scheduler: Added job "_run_job" to job store "default"
2026-09-08 19:23:45,281 INFO apscheduler.scheduler: Added job "_run_job" to job store "default"
2026-09-08 19:23:45,281 INFO apscheduler.scheduler: Added job "_run_job" to job store "default"
2026-09-08 19:23:45,281 INFO apscheduler.scheduler: Added job "_run_job" to job store "default"
2026-09-08 19:23:45,281 INFO apscheduler.scheduler: Scheduler started
2026-09-08 19:23:45,281 INFO radar.scheduler: scheduler started
2026-09-08 19:26:53,034 INFO radar.signals: signals: {'competitor_price_change': 0, 'appear_disappear': 1206, 'new_category': 0, 'new_competitor': 0, 'multi_competitor': 0, 'price_vs_market': 1, 'demand': 0, 'new_use_case': 0, 'cross_site': 0, 'source_errors': 6}
2026-09-08 19:28:20,253 INFO radar.signals: signals: {'competitor_price_change': 0, 'appear_disappear': 1206, 'new_category': 0, 'new_competitor': 0, 'multi_competitor': 0, 'price_vs_market': 0, 'demand': 0, 'new_use_case': 0, 'cross_site': 0, 'source_errors': 0}
2026-09-08 19:29:07,957 INFO radar.signals: signals: {'competitor_price_change': 0, 'appear_disappear': 1206, 'new_category': 0, 'new_competitor': 0, 'multi_competitor': 0, 'price_vs_market': 1, 'demand': 0, 'new_use_case': 0, 'cross_site': 0, 'source_errors': 0}
2026-09-08 19:29:43,640 INFO radar.signals: signals: {'competitor_price_change': 0, 'appear_disappear': 1206, 'new_category': 0, 'new_competitor': 0, 'multi_competitor': 0, 'price_vs_market': 0, 'demand': 0, 'new_use_case': 0, 'cross_site': 0, 'source_errors': 0}
2026-09-08 19:30:16,853 INFO radar.signals: signals: {'competitor_price_change': 0, 'appear_disappear': 1206, 'new_category': 0, 'new_competitor': 0, 'multi_competitor': 0, 'price_vs_market': 0, 'demand': 0, 'new_use_case': 0, 'cross_site': 0, 'source_errors': 0}
2026-09-08 19:30:44,970 INFO apscheduler.scheduler: Adding job tentatively -- it will be properly scheduled when the scheduler starts
2026-09-08 19:30:44,970 INFO apscheduler.scheduler: Adding job tentatively -- it will be properly scheduled when the scheduler starts
2026-09-08 19:30:44,970 INFO apscheduler.scheduler: Adding job tentatively -- it will be properly scheduled when the scheduler starts
2026-09-08 19:30:44,970 INFO apscheduler.scheduler: Adding job tentatively -- it will be properly scheduled when the scheduler starts
2026-09-08 19:30:44,974 INFO apscheduler.scheduler: Added job "_run_job" to job store "default"
2026-09-08 19:30:44,974 INFO apscheduler.scheduler: Added job "_run_job" to job store "default"
2026-09-08 19:30:44,974 INFO apscheduler.scheduler: Added job "_run_job" to job store "default"
2026-09-08 19:30:44,974 INFO apscheduler.scheduler: Added job "_run_job" to job store "default"
2026-09-08 19:30:44,974 INFO apscheduler.scheduler: Scheduler started
2026-09-08 19:30:44,975 INFO radar.scheduler: scheduler started
2026-09-08 19:31:45,173 INFO apscheduler.scheduler: Adding job tentatively -- it will be properly scheduled when the scheduler starts
2026-09-08 19:31:45,174 INFO apscheduler.scheduler: Adding job tentatively -- it will be properly scheduled when the scheduler starts
2026-09-08 19:31:45,174 INFO apscheduler.scheduler: Adding job tentatively -- it will be properly scheduled when the scheduler starts
2026-09-08 19:31:45,174 INFO apscheduler.scheduler: Adding job tentatively -- it will be properly scheduled when the scheduler starts
2026-09-08 19:31:45,175 INFO apscheduler.scheduler: Added job "_run_job" to job store "default"
2026-09-08 19:31:45,176 INFO apscheduler.scheduler: Added job "_run_job" to job store "default"
2026-09-08 19:31:45,176 INFO apscheduler.scheduler: Added job "_run_job" to job store "default"
2026-09-08 19:31:45,176 INFO apscheduler.scheduler: Added job "_run_job" to job store "default"
2026-09-08 19:31:45,176 INFO apscheduler.scheduler: Scheduler started
2026-09-08 19:31:45,177 INFO radar.scheduler: scheduler started
2026-09-09 14:52:13,660 INFO apscheduler.scheduler: Adding job tentatively -- it will be properly scheduled when the scheduler starts
2026-09-09 14:52:13,660 INFO apscheduler.scheduler: Adding job tentatively -- it will be properly scheduled when the scheduler starts
2026-09-09 14:52:13,660 INFO apscheduler.scheduler: Adding job tentatively -- it will be properly scheduled when the scheduler starts
2026-09-09 14:52:13,660 INFO apscheduler.scheduler: Adding job tentatively -- it will be properly scheduled when the scheduler starts
2026-09-09 14:52:13,664 INFO apscheduler.scheduler: Added job "_run_job" to job store "default"
2026-09-09 14:52:13,664 INFO apscheduler.scheduler: Added job "_run_job" to job store "default"
2026-09-09 14:52:13,664 INFO apscheduler.scheduler: Added job "_run_job" to job store "default"
2026-09-09 14:52:13,664 INFO apscheduler.scheduler: Added job "_run_job" to job store "default"
2026-09-09 14:52:13,664 INFO apscheduler.scheduler: Scheduler started
2026-09-09 14:52:13,664 INFO radar.scheduler: scheduler started
2026-09-09 14:52:38,081 INFO radar.collectors.m22: m22.ru: 250 страниц товаров в контуре
2026-09-09 14:54:10,361 INFO apscheduler.scheduler: Adding job tentatively -- it will be properly scheduled when the scheduler starts
2026-09-09 14:54:10,361 INFO apscheduler.scheduler: Adding job tentatively -- it will be properly scheduled when the scheduler starts
2026-09-09 14:54:10,362 INFO apscheduler.scheduler: Adding job tentatively -- it will be properly scheduled when the scheduler starts
2026-09-09 14:54:10,362 INFO apscheduler.scheduler: Adding job tentatively -- it will be properly scheduled when the scheduler starts
2026-09-09 14:54:10,363 INFO apscheduler.scheduler: Added job "_run_job" to job store "default"
2026-09-09 14:54:10,363 INFO apscheduler.scheduler: Added job "_run_job" to job store "default"
2026-09-09 14:54:10,365 INFO apscheduler.scheduler: Added job "_run_job" to job store "default"
2026-09-09 14:54:10,365 INFO apscheduler.scheduler: Added job "_run_job" to job store "default"
2026-09-09 14:54:10,365 INFO apscheduler.scheduler: Scheduler started
2026-09-09 14:54:10,366 INFO radar.scheduler: scheduler started
2026-09-09 15:00:59,781 INFO radar.collectors.radiosync: radiosync.ru: 27 страниц товаров
2026-09-09 15:01:56,936 INFO radar.collectors.competitor_generic: sitemap https://crystal-sound.com/sitemap.xml: +0 страниц
2026-09-09 15:01:59,563 INFO radar.collectors.competitor_generic: sitemap https://www.cromi.ru/sitemap.xml: +0 страниц
2026-09-09 15:02:01,378 INFO radar.collectors.competitor_generic: sitemap https://sinexpo.ru/sitemap.xml: +0 страниц
2026-09-09 15:02:02,787 INFO radar.collectors.competitor_generic: sitemap https://radio-tourist.ru/sitemap.xml: +0 страниц
2026-09-09 15:02:04,570 INFO radar.collectors.competitor_generic: sitemap https://retekess.com.ru/sitemap.xml: +1 страниц
2026-09-09 15:02:07,373 INFO radar.collectors.competitor_generic: sitemap https://conferencepro.ru/sitemap.xml: +1 страниц
2026-09-09 15:02:25,213 INFO radar.collectors.competitor_generic: sitemap https://mikrofon78.ru/sitemap.xml: +7 страниц
2026-09-09 15:02:27,140 INFO radar.collectors.competitor_generic: sitemap https://spbaudio.ru/sitemap.xml: +0 страниц
2026-09-09 15:02:38,777 INFO radar.collectors.competitor_generic: sitemap https://tour-audio.ru/sitemap.xml: +0 страниц
2026-09-09 15:02:40,311 INFO radar.collectors.competitor_generic: sitemap https://spbsinhro.ru/sitemap.xml: +0 страниц
2026-09-09 15:02:41,719 INFO radar.collectors.competitor_generic: sitemap https://www.radioguide.rent/sitemap.xml: +0 страниц
2026-09-09 15:02:43,330 INFO radar.collectors.competitor_generic: sitemap https://sin24.ru/sitemap.xml: +0 страниц
2026-09-09 15:09:16,405 INFO radar.signals: signals: {'competitor_price_change': 0, 'appear_disappear': 1188, 'new_category': 0, 'new_competitor': 0, 'multi_competitor': 0, 'price_vs_market': 3, 'demand': 0, 'new_use_case': 0, 'cross_site': 0, 'source_errors': 1}
2026-09-09 15:09:23,728 INFO apscheduler.scheduler: Adding job tentatively -- it will be properly scheduled when the scheduler starts
2026-09-09 15:09:23,729 INFO apscheduler.scheduler: Adding job tentatively -- it will be properly scheduled when the scheduler starts
2026-09-09 15:09:23,729 INFO apscheduler.scheduler: Adding job tentatively -- it will be properly scheduled when the scheduler starts
2026-09-09 15:09:23,729 INFO apscheduler.scheduler: Adding job tentatively -- it will be properly scheduled when the scheduler starts
2026-09-09 15:09:23,730 INFO apscheduler.scheduler: Added job "_run_job" to job store "default"
2026-09-09 15:09:23,730 INFO apscheduler.scheduler: Added job "_run_job" to job store "default"
2026-09-09 15:09:23,730 INFO apscheduler.scheduler: Added job "_run_job" to job store "default"
2026-09-09 15:09:23,730 INFO apscheduler.scheduler: Added job "_run_job" to job store "default"
2026-09-09 15:09:23,730 INFO apscheduler.scheduler: Scheduler started
2026-09-09 15:09:23,731 INFO radar.scheduler: scheduler started
2026-09-09 15:10:44,289 INFO apscheduler.scheduler: Adding job tentatively -- it will be properly scheduled when the scheduler starts
2026-09-09 15:10:44,289 INFO apscheduler.scheduler: Adding job tentatively -- it will be properly scheduled when the scheduler starts
2026-09-09 15:10:44,289 INFO apscheduler.scheduler: Adding job tentatively -- it will be properly scheduled when the scheduler starts
2026-09-09 15:10:44,289 INFO apscheduler.scheduler: Adding job tentatively -- it will be properly scheduled when the scheduler starts
2026-09-09 15:10:44,289 INFO apscheduler.scheduler: Added job "_run_job" to job store "default"
2026-09-09 15:10:44,289 INFO apscheduler.scheduler: Added job "_run_job" to job store "default"
2026-09-09 15:10:44,289 INFO apscheduler.scheduler: Added job "_run_job" to job store "default"
2026-09-09 15:10:44,289 INFO apscheduler.scheduler: Added job "_run_job" to job store "default"
2026-09-09 15:10:44,289 INFO apscheduler.scheduler: Scheduler started
2026-09-09 15:10:44,289 INFO radar.scheduler: scheduler started
2026-09-09 15:25:10,624 INFO apscheduler.scheduler: Adding job tentatively -- it will be properly scheduled when the scheduler starts
2026-09-09 15:25:10,627 INFO apscheduler.scheduler: Adding job tentatively -- it will be properly scheduled when the scheduler starts
2026-09-09 15:25:10,627 INFO apscheduler.scheduler: Adding job tentatively -- it will be properly scheduled when the scheduler starts
2026-09-09 15:25:10,627 INFO apscheduler.scheduler: Adding job tentatively -- it will be properly scheduled when the scheduler starts
2026-09-09 15:25:10,627 INFO apscheduler.scheduler: Added job "_run_job" to job store "default"
2026-09-09 15:25:10,627 INFO apscheduler.scheduler: Added job "_run_job" to job store "default"
2026-09-09 15:25:10,629 INFO apscheduler.scheduler: Added job "_run_job" to job store "default"
2026-09-09 15:25:10,629 INFO apscheduler.scheduler: Added job "_run_job" to job store "default"
2026-09-09 15:25:10,629 INFO apscheduler.scheduler: Scheduler started
2026-09-09 15:25:10,629 INFO radar.scheduler: scheduler started
2026-09-09 15:34:00,411 INFO apscheduler.scheduler: Adding job tentatively -- it will be properly scheduled when the scheduler starts
2026-09-09 15:34:00,411 INFO apscheduler.scheduler: Adding job tentatively -- it will be properly scheduled when the scheduler starts
2026-09-09 15:34:00,415 INFO apscheduler.scheduler: Adding job tentatively -- it will be properly scheduled when the scheduler starts
2026-09-09 15:34:00,415 INFO apscheduler.scheduler: Adding job tentatively -- it will be properly scheduled when the scheduler starts
2026-09-09 15:34:00,415 INFO apscheduler.scheduler: Added job "_run_job" to job store "default"
2026-09-09 15:34:00,415 INFO apscheduler.scheduler: Added job "_run_job" to job store "default"
2026-09-09 15:34:00,415 INFO apscheduler.scheduler: Added job "_run_job" to job store "default"
2026-09-09 15:34:00,415 INFO apscheduler.scheduler: Added job "_run_job" to job store "default"
2026-09-09 15:34:00,415 INFO apscheduler.scheduler: Scheduler started
2026-09-09 15:34:00,417 INFO radar.scheduler: scheduler started
2026-09-09 15:43:51,618 INFO apscheduler.scheduler: Adding job tentatively -- it will be properly scheduled when the scheduler starts
2026-09-09 15:43:51,618 INFO apscheduler.scheduler: Adding job tentatively -- it will be properly scheduled when the scheduler starts
2026-09-09 15:43:51,618 INFO apscheduler.scheduler: Adding job tentatively -- it will be properly scheduled when the scheduler starts
2026-09-09 15:43:51,618 INFO apscheduler.scheduler: Adding job tentatively -- it will be properly scheduled when the scheduler starts
2026-09-09 15:43:51,620 INFO apscheduler.scheduler: Added job "_run_job" to job store "default"
2026-09-09 15:43:51,620 INFO apscheduler.scheduler: Added job "_run_job" to job store "default"
2026-09-09 15:43:51,620 INFO apscheduler.scheduler: Added job "_run_job" to job store "default"
2026-09-09 15:43:51,620 INFO apscheduler.scheduler: Added job "_run_job" to job store "default"
2026-09-09 15:43:51,620 INFO apscheduler.scheduler: Scheduler started
2026-09-09 15:43:51,621 INFO radar.scheduler: scheduler started
2026-09-09 15:44:17,643 INFO apscheduler.scheduler: Adding job tentatively -- it will be properly scheduled when the scheduler starts
2026-09-09 15:44:17,643 INFO apscheduler.scheduler: Adding job tentatively -- it will be properly scheduled when the scheduler starts
2026-09-09 15:44:17,643 INFO apscheduler.scheduler: Adding job tentatively -- it will be properly scheduled when the scheduler starts
2026-09-09 15:44:17,645 INFO apscheduler.scheduler: Adding job tentatively -- it will be properly scheduled when the scheduler starts
2026-09-09 15:44:17,645 INFO apscheduler.scheduler: Added job "_run_job" to job store "default"
2026-09-09 15:44:17,645 INFO apscheduler.scheduler: Added job "_run_job" to job store "default"
2026-09-09 15:44:17,645 INFO apscheduler.scheduler: Added job "_run_job" to job store "default"
2026-09-09 15:44:17,645 INFO apscheduler.scheduler: Added job "_run_job" to job store "default"
2026-09-09 15:44:17,645 INFO apscheduler.scheduler: Scheduler started
2026-09-09 15:44:17,645 INFO radar.scheduler: scheduler started
2026-09-09 15:56:37,263 WARNING radar.http: fetch error (1/3) https://1okey.ru/chem-otlichayutsya-naushniki-dlya-ekskursij-ot-obychnyh: HTTPSConnectionPool(host='1okey.ru', port=443): Max retries exceeded with url: /chem-otlichayutsya-naushniki-dlya-ekskursij-ot-obychnyh (Caused by SSLError(SSLCertVerificationError(1, "[SSL: CERTIFICATE_VERIFY_FAILED] certificate verify failed: Hostname mismatch, certificate is not valid for '1okey.ru'. (_ssl.c:1010)")))
2026-09-09 15:56:39,886 WARNING radar.http: fetch error (2/3) https://1okey.ru/chem-otlichayutsya-naushniki-dlya-ekskursij-ot-obychnyh: HTTPSConnectionPool(host='1okey.ru', port=443): Max retries exceeded with url: /chem-otlichayutsya-naushniki-dlya-ekskursij-ot-obychnyh (Caused by SSLError(SSLCertVerificationError(1, "[SSL: CERTIFICATE_VERIFY_FAILED] certificate verify failed: Hostname mismatch, certificate is not valid for '1okey.ru'. (_ssl.c:1010)")))
2026-09-09 15:56:44,509 WARNING radar.http: fetch error (3/3) https://1okey.ru/chem-otlichayutsya-naushniki-dlya-ekskursij-ot-obychnyh: HTTPSConnectionPool(host='1okey.ru', port=443): Max retries exceeded with url: /chem-otlichayutsya-naushniki-dlya-ekskursij-ot-obychnyh (Caused by SSLError(SSLCertVerificationError(1, "[SSL: CERTIFICATE_VERIFY_FAILED] certificate verify failed: Hostname mismatch, certificate is not valid for '1okey.ru'. (_ssl.c:1010)")))
2026-09-09 15:59:03,093 INFO apscheduler.scheduler: Adding job tentatively -- it will be properly scheduled when the scheduler starts
2026-09-09 15:59:03,093 INFO apscheduler.scheduler: Adding job tentatively -- it will be properly scheduled when the scheduler starts
2026-09-09 15:59:03,094 INFO apscheduler.scheduler: Adding job tentatively -- it will be properly scheduled when the scheduler starts
2026-09-09 15:59:03,094 INFO apscheduler.scheduler: Adding job tentatively -- it will be properly scheduled when the scheduler starts
2026-09-09 15:59:03,095 INFO apscheduler.scheduler: Added job "_run_job" to job store "default"
2026-09-09 15:59:03,096 INFO apscheduler.scheduler: Added job "_run_job" to job store "default"
2026-09-09 15:59:03,096 INFO apscheduler.scheduler: Added job "_run_job" to job store "default"
2026-09-09 15:59:03,096 INFO apscheduler.scheduler: Added job "_run_job" to job store "default"
2026-09-09 15:59:03,096 INFO apscheduler.scheduler: Scheduler started
2026-09-09 15:59:03,096 INFO radar.scheduler: scheduler started
2026-09-09 16:01:10,314 WARNING radar.collectors.trends: Google Trends 429 — пауза 60 с
2026-09-09 16:04:33,383 INFO radar.signals: signals: {'competitor_price_change': 0, 'appear_disappear': 1200, 'new_category': 0, 'new_competitor': 0, 'multi_competitor': 0, 'price_vs_market': 0, 'demand': 0, 'new_use_case': 0, 'cross_site': 7, 'source_errors': 4}
2026-09-09 16:44:02,246 INFO apscheduler.scheduler: Adding job tentatively -- it will be properly scheduled when the scheduler starts
2026-09-09 16:44:02,246 INFO apscheduler.scheduler: Adding job tentatively -- it will be properly scheduled when the scheduler starts
2026-09-09 16:44:02,246 INFO apscheduler.scheduler: Adding job tentatively -- it will be properly scheduled when the scheduler starts
2026-09-09 16:44:02,246 INFO apscheduler.scheduler: Adding job tentatively -- it will be properly scheduled when the scheduler starts
2026-09-09 16:44:02,246 INFO apscheduler.scheduler: Added job "_run_job" to job store "default"
2026-09-09 16:44:02,246 INFO apscheduler.scheduler: Added job "_run_job" to job store "default"
2026-09-09 16:44:02,246 INFO apscheduler.scheduler: Added job "_run_job" to job store "default"
2026-09-09 16:44:02,246 INFO apscheduler.scheduler: Added job "_run_job" to job store "default"
2026-09-09 16:44:02,246 INFO apscheduler.scheduler: Scheduler started
2026-09-09 16:44:02,246 INFO radar.scheduler: scheduler started
2026-09-09 20:03:04,386 INFO radar.collectors.m22: m22.ru: 250 страниц товаров в контуре
2026-09-09 20:06:52,361 INFO apscheduler.scheduler: Adding job tentatively -- it will be properly scheduled when the scheduler starts
2026-09-09 20:06:52,361 INFO apscheduler.scheduler: Adding job tentatively -- it will be properly scheduled when the scheduler starts
2026-09-09 20:06:52,361 INFO apscheduler.scheduler: Adding job tentatively -- it will be properly scheduled when the scheduler starts
2026-09-09 20:06:52,361 INFO apscheduler.scheduler: Adding job tentatively -- it will be properly scheduled when the scheduler starts
2026-09-09 20:06:52,364 INFO apscheduler.scheduler: Added job "_run_job" to job store "default"
2026-09-09 20:06:52,364 INFO apscheduler.scheduler: Added job "_run_job" to job store "default"
2026-09-09 20:06:52,364 INFO apscheduler.scheduler: Added job "_run_job" to job store "default"
2026-09-09 20:06:52,364 INFO apscheduler.scheduler: Added job "_run_job" to job store "default"
2026-09-09 20:06:52,364 INFO apscheduler.scheduler: Scheduler started
2026-09-09 20:06:52,366 INFO radar.scheduler: scheduler started
2026-09-09 20:11:29,654 INFO radar.collectors.radiosync: radiosync.ru: 27 страниц товаров
2026-09-09 20:12:28,164 INFO radar.collectors.competitor_generic: sitemap https://crystal-sound.com/sitemap.xml: +0 страниц
2026-09-09 20:12:30,055 INFO radar.collectors.competitor_generic: sitemap https://www.cromi.ru/sitemap.xml: +0 страниц
2026-09-09 20:12:32,956 INFO radar.collectors.competitor_generic: sitemap https://sinexpo.ru/sitemap.xml: +0 страниц
2026-09-09 20:12:34,514 INFO radar.collectors.competitor_generic: sitemap https://radio-tourist.ru/sitemap.xml: +0 страниц
2026-09-09 20:12:37,176 INFO radar.collectors.competitor_generic: sitemap https://retekess.com.ru/sitemap.xml: +1 страниц
2026-09-09 20:12:41,204 INFO radar.collectors.competitor_generic: sitemap https://conferencepro.ru/sitemap.xml: +1 страниц
2026-09-09 20:13:01,806 INFO radar.collectors.competitor_generic: sitemap https://mikrofon78.ru/sitemap.xml: +0 страниц
2026-09-09 20:13:03,808 INFO radar.collectors.competitor_generic: sitemap https://spbaudio.ru/sitemap.xml: +0 страниц
2026-09-09 20:13:15,327 INFO radar.collectors.competitor_generic: sitemap https://tour-audio.ru/sitemap.xml: +0 страниц
2026-09-09 20:13:17,320 INFO radar.collectors.competitor_generic: sitemap https://spbsinhro.ru/sitemap.xml: +0 страниц
2026-09-09 20:13:19,030 INFO radar.collectors.competitor_generic: sitemap https://www.radioguide.rent/sitemap.xml: +0 страниц
2026-09-09 20:13:20,936 INFO radar.collectors.competitor_generic: sitemap https://sin24.ru/sitemap.xml: +0 страниц
2026-09-09 20:28:03,421 INFO radar.signals: signals: {'competitor_price_change': 0, 'new_category': 0, 'multi_competitor': 0, 'demand': 0, 'new_use_case': 0}
2026-09-09 20:31:00,591 INFO apscheduler.scheduler: Adding job tentatively -- it will be properly scheduled when the scheduler starts
2026-09-09 20:31:00,591 INFO apscheduler.scheduler: Adding job tentatively -- it will be properly scheduled when the scheduler starts
2026-09-09 20:31:00,591 INFO apscheduler.scheduler: Adding job tentatively -- it will be properly scheduled when the scheduler starts
2026-09-09 20:31:00,591 INFO apscheduler.scheduler: Adding job tentatively -- it will be properly scheduled when the scheduler starts
2026-09-09 20:31:00,594 INFO apscheduler.scheduler: Added job "_run_job" to job store "default"
2026-09-09 20:31:00,594 INFO apscheduler.scheduler: Added job "_run_job" to job store "default"
2026-09-09 20:31:00,594 INFO apscheduler.scheduler: Added job "_run_job" to job store "default"
2026-09-09 20:31:00,594 INFO apscheduler.scheduler: Added job "_run_job" to job store "default"
2026-09-09 20:31:00,594 INFO apscheduler.scheduler: Scheduler started
2026-09-09 20:31:00,594 INFO radar.scheduler: scheduler started
2026-09-09 20:36:18,949 INFO apscheduler.scheduler: Adding job tentatively -- it will be properly scheduled when the scheduler starts
2026-09-09 20:36:18,949 INFO apscheduler.scheduler: Adding job tentatively -- it will be properly scheduled when the scheduler starts
2026-09-09 20:36:18,949 INFO apscheduler.scheduler: Adding job tentatively -- it will be properly scheduled when the scheduler starts
2026-09-09 20:36:18,949 INFO apscheduler.scheduler: Adding job tentatively -- it will be properly scheduled when the scheduler starts
2026-09-09 20:36:18,949 INFO apscheduler.scheduler: Added job "_run_job" to job store "default"
2026-09-09 20:36:18,949 INFO apscheduler.scheduler: Added job "_run_job" to job store "default"
2026-09-09 20:36:18,949 INFO apscheduler.scheduler: Added job "_run_job" to job store "default"
2026-09-09 20:36:18,949 INFO apscheduler.scheduler: Added job "_run_job" to job store "default"
2026-09-09 20:36:18,949 INFO apscheduler.scheduler: Scheduler started
2026-09-09 20:36:18,949 INFO radar.scheduler: scheduler started
2026-09-09 21:13:44,992 WARNING radar.http: fetch error (1/3) https://1okey.ru/chem-otlichayutsya-naushniki-dlya-ekskursij-ot-obychnyh: HTTPSConnectionPool(host='1okey.ru', port=443): Max retries exceeded with url: /chem-otlichayutsya-naushniki-dlya-ekskursij-ot-obychnyh (Caused by SSLError(SSLCertVerificationError(1, "[SSL: CERTIFICATE_VERIFY_FAILED] certificate verify failed: Hostname mismatch, certificate is not valid for '1okey.ru'. (_ssl.c:1010)")))
2026-09-09 21:13:47,733 WARNING radar.http: fetch error (2/3) https://1okey.ru/chem-otlichayutsya-naushniki-dlya-ekskursij-ot-obychnyh: HTTPSConnectionPool(host='1okey.ru', port=443): Max retries exceeded with url: /chem-otlichayutsya-naushniki-dlya-ekskursij-ot-obychnyh (Caused by SSLError(SSLCertVerificationError(1, "[SSL: CERTIFICATE_VERIFY_FAILED] certificate verify failed: Hostname mismatch, certificate is not valid for '1okey.ru'. (_ssl.c:1010)")))
2026-09-09 21:13:52,416 WARNING radar.http: fetch error (3/3) https://1okey.ru/chem-otlichayutsya-naushniki-dlya-ekskursij-ot-obychnyh: HTTPSConnectionPool(host='1okey.ru', port=443): Max retries exceeded with url: /chem-otlichayutsya-naushniki-dlya-ekskursij-ot-obychnyh (Caused by SSLError(SSLCertVerificationError(1, "[SSL: CERTIFICATE_VERIFY_FAILED] certificate verify failed: Hostname mismatch, certificate is not valid for '1okey.ru'. (_ssl.c:1010)")))
2026-09-09 21:15:54,700 WARNING radar.collectors.trends: Google Trends 429 — пауза 60 с
2026-09-09 21:18:06,652 WARNING radar.collectors.trends: Google Trends 429 — пауза 60 с
2026-09-09 21:22:42,520 INFO radar.signals: signals: {'competitor_price_change': 0, 'new_category': 0, 'multi_competitor': 0, 'demand': 0, 'new_use_case': 0}
2026-09-09 23:36:45,212 INFO apscheduler.scheduler: Adding job tentatively -- it will be properly scheduled when the scheduler starts
2026-09-09 23:36:45,217 INFO apscheduler.scheduler: Adding job tentatively -- it will be properly scheduled when the scheduler starts
2026-09-09 23:36:45,217 INFO apscheduler.scheduler: Adding job tentatively -- it will be properly scheduled when the scheduler starts
2026-09-09 23:36:45,219 INFO apscheduler.scheduler: Adding job tentatively -- it will be properly scheduled when the scheduler starts
2026-09-09 23:36:45,222 INFO apscheduler.scheduler: Added job "_run_job" to job store "default"
2026-09-09 23:36:45,222 INFO apscheduler.scheduler: Added job "_run_job" to job store "default"
2026-09-09 23:36:45,249 INFO apscheduler.scheduler: Added job "_run_job" to job store "default"
2026-09-09 23:36:45,249 INFO apscheduler.scheduler: Added job "_run_job" to job store "default"
2026-09-09 23:36:45,252 INFO apscheduler.scheduler: Scheduler started
2026-09-09 23:36:45,255 INFO radar.scheduler: scheduler started
2026-09-11 15:55:42,039 WARNING apscheduler.executors.default: Run time of job "_run_job (trigger: cron[hour='6', minute='0'], next run at: 2026-09-12 06:00:00 MSK)" was missed by 9:55:42.039186
2026-09-11 15:55:42,031 WARNING apscheduler.executors.default: Run time of job "_run_job (trigger: cron[hour='5', minute='0'], next run at: 2026-09-12 05:00:00 MSK)" was missed by 10:55:42.018173
2026-09-11 18:16:11,858 INFO apscheduler.scheduler: Adding job tentatively -- it will be properly scheduled when the scheduler starts
2026-09-11 18:16:11,858 INFO apscheduler.scheduler: Adding job tentatively -- it will be properly scheduled when the scheduler starts
2026-09-11 18:16:11,859 INFO apscheduler.scheduler: Adding job tentatively -- it will be properly scheduled when the scheduler starts
2026-09-11 18:16:11,859 INFO apscheduler.scheduler: Adding job tentatively -- it will be properly scheduled when the scheduler starts
2026-09-11 18:16:11,861 INFO apscheduler.scheduler: Added job "_run_job" to job store "default"
2026-09-11 18:16:11,861 INFO apscheduler.scheduler: Added job "_run_job" to job store "default"
2026-09-11 18:16:11,861 INFO apscheduler.scheduler: Added job "_run_job" to job store "default"
2026-09-11 18:16:11,861 INFO apscheduler.scheduler: Added job "_run_job" to job store "default"
2026-09-11 18:16:11,861 INFO apscheduler.scheduler: Scheduler started
2026-09-11 18:16:11,862 INFO radar.scheduler: scheduler started
2026-09-11 18:18:42,256 INFO apscheduler.scheduler: Adding job tentatively -- it will be properly scheduled when the scheduler starts
2026-09-11 18:18:42,256 INFO apscheduler.scheduler: Adding job tentatively -- it will be properly scheduled when the scheduler starts
2026-09-11 18:18:42,256 INFO apscheduler.scheduler: Adding job tentatively -- it will be properly scheduled when the scheduler starts
2026-09-11 18:18:42,256 INFO apscheduler.scheduler: Adding job tentatively -- it will be properly scheduled when the scheduler starts
2026-09-11 18:18:42,256 INFO apscheduler.scheduler: Added job "_run_job" to job store "default"
2026-09-11 18:18:42,256 INFO apscheduler.scheduler: Added job "_run_job" to job store "default"
2026-09-11 18:18:42,256 INFO apscheduler.scheduler: Added job "_run_job" to job store "default"
2026-09-11 18:18:42,256 INFO apscheduler.scheduler: Added job "_run_job" to job store "default"
2026-09-11 18:18:42,256 INFO apscheduler.scheduler: Scheduler started
2026-09-11 18:18:42,256 INFO radar.scheduler: scheduler started
2026-09-11 18:21:12,653 INFO apscheduler.scheduler: Adding job tentatively -- it will be properly scheduled when the scheduler starts
2026-09-11 18:21:12,653 INFO apscheduler.scheduler: Adding job tentatively -- it will be properly scheduled when the scheduler starts
2026-09-11 18:21:12,653 INFO apscheduler.scheduler: Adding job tentatively -- it will be properly scheduled when the scheduler starts
2026-09-11 18:21:12,653 INFO apscheduler.scheduler: Adding job tentatively -- it will be properly scheduled when the scheduler starts
2026-09-11 18:21:12,666 INFO apscheduler.scheduler: Added job "_run_job" to job store "default"
2026-09-11 18:21:12,666 INFO apscheduler.scheduler: Added job "_run_job" to job store "default"
2026-09-11 18:21:12,667 INFO apscheduler.scheduler: Added job "_run_job" to job store "default"
2026-09-11 18:21:12,667 INFO apscheduler.scheduler: Added job "_run_job" to job store "default"
2026-09-11 18:21:12,667 INFO apscheduler.scheduler: Scheduler started
2026-09-11 18:21:12,668 INFO radar.scheduler: scheduler started
2026-09-11 18:21:28,507 INFO apscheduler.scheduler: Adding job tentatively -- it will be properly scheduled when the scheduler starts
2026-09-11 18:21:28,507 INFO apscheduler.scheduler: Adding job tentatively -- it will be properly scheduled when the scheduler starts
2026-09-11 18:21:28,507 INFO apscheduler.scheduler: Adding job tentatively -- it will be properly scheduled when the scheduler starts
2026-09-11 18:21:28,507 INFO apscheduler.scheduler: Adding job tentatively -- it will be properly scheduled when the scheduler starts
2026-09-11 18:21:28,507 INFO apscheduler.scheduler: Added job "_run_job" to job store "default"
2026-09-11 18:21:28,507 INFO apscheduler.scheduler: Added job "_run_job" to job store "default"
2026-09-11 18:21:28,507 INFO apscheduler.scheduler: Added job "_run_job" to job store "default"
2026-09-11 18:21:28,507 INFO apscheduler.scheduler: Added job "_run_job" to job store "default"
2026-09-11 18:21:28,507 INFO apscheduler.scheduler: Scheduler started
2026-09-11 18:21:28,507 INFO radar.scheduler: scheduler started
2026-09-11 18:22:56,744 INFO apscheduler.scheduler: Adding job tentatively -- it will be properly scheduled when the scheduler starts
2026-09-11 18:22:56,744 INFO apscheduler.scheduler: Adding job tentatively -- it will be properly scheduled when the scheduler starts
2026-09-11 18:22:56,744 INFO apscheduler.scheduler: Adding job tentatively -- it will be properly scheduled when the scheduler starts
2026-09-11 18:22:56,744 INFO apscheduler.scheduler: Adding job tentatively -- it will be properly scheduled when the scheduler starts
2026-09-11 18:22:56,744 INFO apscheduler.scheduler: Added job "_run_job" to job store "default"
2026-09-11 18:22:56,744 INFO apscheduler.scheduler: Added job "_run_job" to job store "default"
2026-09-11 18:22:56,744 INFO apscheduler.scheduler: Added job "_run_job" to job store "default"
2026-09-11 18:22:56,744 INFO apscheduler.scheduler: Added job "_run_job" to job store "default"
2026-09-11 18:22:56,744 INFO apscheduler.scheduler: Scheduler started
2026-09-11 18:22:56,744 INFO radar.scheduler: scheduler started
2026-09-11 18:23:34,256 INFO apscheduler.scheduler: Adding job tentatively -- it will be properly scheduled when the scheduler starts
2026-09-11 18:23:34,256 INFO apscheduler.scheduler: Adding job tentatively -- it will be properly scheduled when the scheduler starts
2026-09-11 18:23:34,256 INFO apscheduler.scheduler: Adding job tentatively -- it will be properly scheduled when the scheduler starts
2026-09-11 18:23:34,256 INFO apscheduler.scheduler: Adding job tentatively -- it will be properly scheduled when the scheduler starts
2026-09-11 18:23:34,264 INFO apscheduler.scheduler: Added job "_run_job" to job store "default"
2026-09-11 18:23:34,264 INFO apscheduler.scheduler: Added job "_run_job" to job store "default"
2026-09-11 18:23:34,266 INFO apscheduler.scheduler: Added job "_run_job" to job store "default"
2026-09-11 18:23:34,266 INFO apscheduler.scheduler: Added job "_run_job" to job store "default"
2026-09-11 18:23:34,266 INFO apscheduler.scheduler: Scheduler started
2026-09-11 18:23:34,266 INFO radar.scheduler: scheduler started
2026-09-11 18:23:48,543 INFO apscheduler.scheduler: Adding job tentatively -- it will be properly scheduled when the scheduler starts
2026-09-11 18:23:48,543 INFO apscheduler.scheduler: Adding job tentatively -- it will be properly scheduled when the scheduler starts
2026-09-11 18:23:48,543 INFO apscheduler.scheduler: Adding job tentatively -- it will be properly scheduled when the scheduler starts
2026-09-11 18:23:48,543 INFO apscheduler.scheduler: Adding job tentatively -- it will be properly scheduled when the scheduler starts
2026-09-11 18:23:48,545 INFO apscheduler.scheduler: Added job "_run_job" to job store "default"
2026-09-11 18:23:48,545 INFO apscheduler.scheduler: Added job "_run_job" to job store "default"
2026-09-11 18:23:48,545 INFO apscheduler.scheduler: Added job "_run_job" to job store "default"
2026-09-11 18:23:48,545 INFO apscheduler.scheduler: Added job "_run_job" to job store "default"
2026-09-11 18:23:48,545 INFO apscheduler.scheduler: Scheduler started
2026-09-11 18:23:48,545 INFO radar.scheduler: scheduler started
2026-09-11 18:24:15,377 INFO radar.signals: signals: {'competitor_price_change': 0, 'new_category': 0, 'multi_competitor': 0, 'demand': 0, 'new_use_case': 0}
2026-09-11 18:24:15,485 INFO radar.scheduler: job analyze: {'matching': {'competitor_products': 1580, 'created': 24, 'updated': 2461, 'photo': {'created': 0, 'boosted': 1, 'noted': 0}}, 'signals': {'competitor_price_change': 0, 'new_category': 0, 'multi_competitor': 0, 'demand': 0, 'new_use_case': 0}, 'recommendations': 0, 'hypotheses': 0}
2026-09-11 18:25:15,371 INFO apscheduler.scheduler: Adding job tentatively -- it will be properly scheduled when the scheduler starts
2026-09-11 18:25:15,381 INFO apscheduler.scheduler: Adding job tentatively -- it will be properly scheduled when the scheduler starts
2026-09-11 18:25:15,381 INFO apscheduler.scheduler: Adding job tentatively -- it will be properly scheduled when the scheduler starts
2026-09-11 18:25:15,381 INFO apscheduler.scheduler: Adding job tentatively -- it will be properly scheduled when the scheduler starts
2026-09-11 18:25:15,381 INFO apscheduler.scheduler: Added job "_run_job" to job store "default"
2026-09-11 18:25:15,381 INFO apscheduler.scheduler: Added job "_run_job" to job store "default"
2026-09-11 18:25:15,381 INFO apscheduler.scheduler: Added job "_run_job" to job store "default"
2026-09-11 18:25:15,381 INFO apscheduler.scheduler: Added job "_run_job" to job store "default"
2026-09-11 18:25:15,381 INFO apscheduler.scheduler: Scheduler started
2026-09-11 18:25:15,381 INFO radar.scheduler: scheduler started
2026-09-11 18:53:41,186 INFO radar.collectors.m22: m22.ru: 251 страниц товаров в контуре
2026-09-11 19:09:29,911 INFO radar.collectors.radiosync: radiosync.ru: 27 страниц товаров
2026-09-11 19:12:27,717 INFO radar.collectors.competitor_generic: sitemap https://crystal-sound.com/sitemap.xml: +1 страниц
2026-09-11 19:12:33,474 INFO radar.collectors.competitor_generic: sitemap https://www.cromi.ru/sitemap.xml: +0 страниц
2026-09-11 19:12:42,994 INFO radar.collectors.competitor_generic: sitemap https://sinexpo.ru/sitemap.xml: +0 страниц
2026-09-11 19:12:46,559 INFO radar.collectors.competitor_generic: sitemap https://radio-tourist.ru/sitemap.xml: +0 страниц
2026-09-11 19:13:14,442 INFO radar.collectors.competitor_generic: sitemap https://retekess.com.ru/sitemap.xml: +1 страниц
2026-09-11 19:13:19,902 INFO radar.collectors.competitor_generic: sitemap https://conferencepro.ru/sitemap.xml: +1 страниц
2026-09-11 19:13:43,009 INFO radar.collectors.competitor_generic: sitemap https://mikrofon78.ru/sitemap.xml: +0 страниц
2026-09-11 19:14:04,305 INFO radar.collectors.competitor_generic: sitemap https://spbaudio.ru/sitemap.xml: +0 страниц
2026-09-11 19:14:31,345 INFO radar.collectors.competitor_generic: sitemap https://tour-audio.ru/sitemap.xml: +0 страниц
2026-09-11 19:14:41,043 INFO radar.collectors.competitor_generic: sitemap https://spbsinhro.ru/sitemap.xml: +0 страниц
2026-09-11 19:14:45,746 INFO radar.collectors.competitor_generic: sitemap https://www.radioguide.rent/sitemap.xml: +0 страниц
2026-09-11 19:14:50,776 INFO radar.collectors.competitor_generic: sitemap https://sin24.ru/sitemap.xml: +0 страниц
2026-09-11 20:52:50,622 WARNING radar.http: fetch error (1/3) https://sinexpo.ru/sale/radioguide/300_simple.html: HTTPSConnectionPool(host='sinexpo.ru', port=443): Max retries exceeded with url: /sale/radioguide/300_simple.html (Caused by NameResolutionError("HTTPSConnection(host='sinexpo.ru', port=443): Failed to resolve 'sinexpo.ru' ([Errno 11004] getaddrinfo failed)"))
2026-09-11 20:52:52,647 WARNING radar.http: fetch error (2/3) https://sinexpo.ru/sale/radioguide/300_simple.html: HTTPSConnectionPool(host='sinexpo.ru', port=443): Max retries exceeded with url: /sale/radioguide/300_simple.html (Caused by NameResolutionError("HTTPSConnection(host='sinexpo.ru', port=443): Failed to resolve 'sinexpo.ru' ([Errno 11001] getaddrinfo failed)"))
2026-09-14 13:51:02,144 WARNING radar.http: fetch error (3/3) https://sinexpo.ru/sale/radioguide/300_simple.html: HTTPSConnectionPool(host='sinexpo.ru', port=443): Max retries exceeded with url: /sale/radioguide/300_simple.html (Caused by NameResolutionError("HTTPSConnection(host='sinexpo.ru', port=443): Failed to resolve 'sinexpo.ru' ([Errno 11001] getaddrinfo failed)"))
2026-09-14 14:16:40,915 INFO radar.signals: signals: {'competitor_price_change': 0, 'new_category': 0, 'multi_competitor': 0, 'demand': 0, 'new_use_case': 0}
2026-09-14 14:59:59,948 WARNING radar.http: fetch error (1/3) https://lappitour.ru/uslugi/arenda-radiogidov: ('Connection aborted.', ConnectionResetError(10054, 'Удаленный хост принудительно разорвал существующее подключение', None, 10054, None))
2026-09-14 15:01:23,278 WARNING radar.http: fetch error (1/3) https://1okey.ru/chem-otlichayutsya-naushniki-dlya-ekskursij-ot-obychnyh: HTTPSConnectionPool(host='1okey.ru', port=443): Max retries exceeded with url: /chem-otlichayutsya-naushniki-dlya-ekskursij-ot-obychnyh (Caused by SSLError(SSLCertVerificationError(1, "[SSL: CERTIFICATE_VERIFY_FAILED] certificate verify failed: Hostname mismatch, certificate is not valid for '1okey.ru'. (_ssl.c:1010)")))
2026-09-14 15:01:26,065 WARNING radar.http: fetch error (2/3) https://1okey.ru/chem-otlichayutsya-naushniki-dlya-ekskursij-ot-obychnyh: HTTPSConnectionPool(host='1okey.ru', port=443): Max retries exceeded with url: /chem-otlichayutsya-naushniki-dlya-ekskursij-ot-obychnyh (Caused by SSLError(SSLCertVerificationError(1, "[SSL: CERTIFICATE_VERIFY_FAILED] certificate verify failed: Hostname mismatch, certificate is not valid for '1okey.ru'. (_ssl.c:1010)")))
2026-09-14 15:01:30,852 WARNING radar.http: fetch error (3/3) https://1okey.ru/chem-otlichayutsya-naushniki-dlya-ekskursij-ot-obychnyh: HTTPSConnectionPool(host='1okey.ru', port=443): Max retries exceeded with url: /chem-otlichayutsya-naushniki-dlya-ekskursij-ot-obychnyh (Caused by SSLError(SSLCertVerificationError(1, "[SSL: CERTIFICATE_VERIFY_FAILED] certificate verify failed: Hostname mismatch, certificate is not valid for '1okey.ru'. (_ssl.c:1010)")))
2026-09-14 15:01:49,445 INFO radar.signals: signals: {'competitor_price_change': 1, 'new_category': 0, 'multi_competitor': 0, 'demand': 0, 'new_use_case': 0}
2026-09-14 15:01:50,058 INFO radar.scheduler: job full_update: {'m22': {'seen': 251, 'changed': 4, 'errors': 0}, 'radiosync': {'seen': 28, 'changed': 9, 'errors': 0}, 'competitors': {'pages': 1457, 'seen': 1613, 'changed': 410, 'errors': 19}, 'analysis': {'matching': {'competitor_products': 1582, 'created': 24, 'updated': 2581, 'photo': {'created': 0, 'boosted': 1, 'noted': 0}}, 'signals': {'competitor_price_change': 1, 'new_category': 0, 'multi_competitor': 0, 'demand': 0, 'new_use_case': 0}, 'recommendations': 0, 'hypotheses': 0}, 'report_id': 5, 'backup': 'C:\\Users\\Adm\\Documents\\Claude Васильев\\m22-product-radar\\data\\backups\\radar_20260914_150149_update.sqlite3'}
2026-09-14 18:15:10,718 INFO apscheduler.scheduler: Adding job tentatively -- it will be properly scheduled when the scheduler starts
2026-09-14 18:15:10,718 INFO apscheduler.scheduler: Adding job tentatively -- it will be properly scheduled when the scheduler starts
2026-09-14 18:15:10,718 INFO apscheduler.scheduler: Adding job tentatively -- it will be properly scheduled when the scheduler starts
2026-09-14 18:15:10,718 INFO apscheduler.scheduler: Adding job tentatively -- it will be properly scheduled when the scheduler starts
2026-09-14 18:15:10,718 INFO apscheduler.scheduler: Added job "_run_job" to job store "default"
2026-09-14 18:15:10,718 INFO apscheduler.scheduler: Added job "_run_job" to job store "default"
2026-09-14 18:15:10,718 INFO apscheduler.scheduler: Added job "_run_job" to job store "default"
2026-09-14 18:15:10,718 INFO apscheduler.scheduler: Added job "_run_job" to job store "default"
2026-09-14 18:15:10,718 INFO apscheduler.scheduler: Scheduler started
2026-09-14 18:15:10,718 INFO radar.scheduler: scheduler started
2026-09-14 18:21:09,566 INFO apscheduler.scheduler: Adding job tentatively -- it will be properly scheduled when the scheduler starts
2026-09-14 18:21:09,566 INFO apscheduler.scheduler: Adding job tentatively -- it will be properly scheduled when the scheduler starts
2026-09-14 18:21:09,566 INFO apscheduler.scheduler: Adding job tentatively -- it will be properly scheduled when the scheduler starts
2026-09-14 18:21:09,566 INFO apscheduler.scheduler: Adding job tentatively -- it will be properly scheduled when the scheduler starts
2026-09-14 18:21:09,566 INFO apscheduler.scheduler: Added job "_run_job" to job store "default"
2026-09-14 18:21:09,575 INFO apscheduler.scheduler: Added job "_run_job" to job store "default"
2026-09-14 18:21:09,575 INFO apscheduler.scheduler: Added job "_run_job" to job store "default"
2026-09-14 18:21:09,575 INFO apscheduler.scheduler: Added job "_run_job" to job store "default"
2026-09-14 18:21:09,575 INFO apscheduler.scheduler: Scheduler started
2026-09-14 18:21:09,575 INFO radar.scheduler: scheduler started
2026-09-14 18:46:05,274 INFO apscheduler.scheduler: Adding job tentatively -- it will be properly scheduled when the scheduler starts
2026-09-14 18:46:05,274 INFO apscheduler.scheduler: Adding job tentatively -- it will be properly scheduled when the scheduler starts
2026-09-14 18:46:05,275 INFO apscheduler.scheduler: Adding job tentatively -- it will be properly scheduled when the scheduler starts
2026-09-14 18:46:05,275 INFO apscheduler.scheduler: Adding job tentatively -- it will be properly scheduled when the scheduler starts
2026-09-14 18:46:05,276 INFO apscheduler.scheduler: Added job "_run_job" to job store "default"
2026-09-14 18:46:05,276 INFO apscheduler.scheduler: Added job "_run_job" to job store "default"
2026-09-14 18:46:05,276 INFO apscheduler.scheduler: Added job "_run_job" to job store "default"
2026-09-14 18:46:05,276 INFO apscheduler.scheduler: Added job "_run_job" to job store "default"
2026-09-14 18:46:05,277 INFO apscheduler.scheduler: Scheduler started
2026-09-14 18:46:05,277 INFO radar.scheduler: scheduler started
2026-09-14 19:01:23,217 INFO apscheduler.scheduler: Adding job tentatively -- it will be properly scheduled when the scheduler starts
2026-09-14 19:01:23,217 INFO apscheduler.scheduler: Adding job tentatively -- it will be properly scheduled when the scheduler starts
2026-09-14 19:01:23,218 INFO apscheduler.scheduler: Adding job tentatively -- it will be properly scheduled when the scheduler starts
2026-09-14 19:01:23,218 INFO apscheduler.scheduler: Adding job tentatively -- it will be properly scheduled when the scheduler starts
2026-09-14 19:01:23,219 INFO apscheduler.scheduler: Added job "_run_job" to job store "default"
2026-09-14 19:01:23,219 INFO apscheduler.scheduler: Added job "_run_job" to job store "default"
2026-09-14 19:01:23,219 INFO apscheduler.scheduler: Added job "_run_job" to job store "default"
2026-09-14 19:01:23,219 INFO apscheduler.scheduler: Added job "_run_job" to job store "default"
2026-09-14 19:01:23,220 INFO apscheduler.scheduler: Scheduler started
2026-09-14 19:01:23,221 INFO radar.scheduler: scheduler started
2026-09-14 19:28:20,863 INFO radar.signals: signals: {'competitor_price_change': 0, 'new_category': 0, 'multi_competitor': 0, 'demand': 0, 'new_use_case': 0}
2026-09-17 18:32:01,136 INFO apscheduler.scheduler: Adding job tentatively -- it will be properly scheduled when the scheduler starts
2026-09-17 18:32:01,136 INFO radar.scheduler: scheduler: последний сбор старше 26 часов — догоняющий полный сбор через 3 минуты
2026-09-17 18:32:01,183 INFO apscheduler.scheduler: Adding job tentatively -- it will be properly scheduled when the scheduler starts
2026-09-17 18:32:01,192 INFO apscheduler.scheduler: Adding job tentatively -- it will be properly scheduled when the scheduler starts
2026-09-17 18:32:01,194 INFO apscheduler.scheduler: Adding job tentatively -- it will be properly scheduled when the scheduler starts
2026-09-17 18:32:01,215 INFO apscheduler.scheduler: Adding job tentatively -- it will be properly scheduled when the scheduler starts
2026-09-17 18:32:01,222 INFO apscheduler.scheduler: Added job "_run_job" to job store "default"
2026-09-17 18:32:01,225 INFO apscheduler.scheduler: Added job "_run_job" to job store "default"
2026-09-17 18:32:01,228 INFO apscheduler.scheduler: Added job "_run_job" to job store "default"
2026-09-17 18:32:01,231 INFO apscheduler.scheduler: Added job "_run_job" to job store "default"
2026-09-17 18:32:01,231 INFO apscheduler.scheduler: Added job "_run_job" to job store "default"
2026-09-17 18:32:01,246 INFO apscheduler.scheduler: Scheduler started
2026-09-17 18:32:01,253 INFO radar.scheduler: scheduler started
2026-09-17 18:35:01,111 INFO apscheduler.executors.default: Running job "_run_job (trigger: date[2026-09-17 18:35:01 MSK], next run at: 2026-09-17 18:35:01 MSK)" (scheduled at 2026-09-17 18:35:01.100550+03:00)
2026-09-17 18:35:01,113 INFO apscheduler.scheduler: Removed job catchup
2026-09-17 18:35:03,110 INFO radar.collectors.m22: m22.ru: 252 страниц товаров в контуре
2026-09-17 18:43:32,026 INFO radar.collectors.radiosync: radiosync.ru: 27 страниц товаров
2026-09-17 18:44:29,733 INFO radar.collectors.competitor_generic: sitemap https://crystal-sound.com/sitemap.xml: +0 страниц
2026-09-17 18:44:31,225 INFO radar.collectors.competitor_generic: sitemap https://www.cromi.ru/sitemap.xml: +0 страниц
2026-09-17 18:44:32,764 INFO radar.collectors.competitor_generic: sitemap https://sinexpo.ru/sitemap.xml: +0 страниц
2026-09-17 18:44:34,160 INFO radar.collectors.competitor_generic: sitemap https://radio-tourist.ru/sitemap.xml: +0 страниц
2026-09-17 18:44:38,796 INFO radar.collectors.competitor_generic: sitemap https://retekess.com.ru/sitemap.xml: +0 страниц
2026-09-17 18:44:41,819 INFO radar.collectors.competitor_generic: sitemap https://conferencepro.ru/sitemap.xml: +1 страниц
2026-09-17 18:44:59,319 INFO radar.collectors.competitor_generic: sitemap https://mikrofon78.ru/sitemap.xml: +0 страниц
2026-09-17 18:45:00,829 INFO radar.collectors.competitor_generic: sitemap https://spbaudio.ru/sitemap.xml: +0 страниц
2026-09-17 18:45:12,039 INFO radar.collectors.competitor_generic: sitemap https://tour-audio.ru/sitemap.xml: +0 страниц
2026-09-17 18:45:13,479 INFO radar.collectors.competitor_generic: sitemap https://spbsinhro.ru/sitemap.xml: +0 страниц
2026-09-17 18:45:14,921 INFO radar.collectors.competitor_generic: sitemap https://www.radioguide.rent/sitemap.xml: +0 страниц
2026-09-17 18:45:16,301 INFO radar.collectors.competitor_generic: sitemap https://sin24.ru/sitemap.xml: +0 страниц
2026-09-17 19:33:14,029 WARNING radar.http: fetch error (1/3) https://izi.travel/ru/app: Exceeded 30 redirects.
2026-09-17 19:33:17,056 WARNING radar.http: fetch error (2/3) https://izi.travel/ru/app: Exceeded 30 redirects.
2026-09-17 19:33:22,122 WARNING radar.http: fetch error (3/3) https://izi.travel/ru/app: Exceeded 30 redirects.
2026-09-17 19:34:09,895 WARNING radar.http: fetch error (1/3) https://1okey.ru/chem-otlichayutsya-naushniki-dlya-ekskursij-ot-obychnyh: HTTPSConnectionPool(host='1okey.ru', port=443): Max retries exceeded with url: /chem-otlichayutsya-naushniki-dlya-ekskursij-ot-obychnyh (Caused by SSLError(SSLCertVerificationError(1, "[SSL: CERTIFICATE_VERIFY_FAILED] certificate verify failed: Hostname mismatch, certificate is not valid for '1okey.ru'. (_ssl.c:1010)")))
2026-09-17 19:34:12,494 WARNING radar.http: fetch error (2/3) https://1okey.ru/chem-otlichayutsya-naushniki-dlya-ekskursij-ot-obychnyh: HTTPSConnectionPool(host='1okey.ru', port=443): Max retries exceeded with url: /chem-otlichayutsya-naushniki-dlya-ekskursij-ot-obychnyh (Caused by SSLError(SSLCertVerificationError(1, "[SSL: CERTIFICATE_VERIFY_FAILED] certificate verify failed: Hostname mismatch, certificate is not valid for '1okey.ru'. (_ssl.c:1010)")))
2026-09-17 19:34:17,344 WARNING radar.http: fetch error (3/3) https://1okey.ru/chem-otlichayutsya-naushniki-dlya-ekskursij-ot-obychnyh: HTTPSConnectionPool(host='1okey.ru', port=443): Max retries exceeded with url: /chem-otlichayutsya-naushniki-dlya-ekskursij-ot-obychnyh (Caused by SSLError(SSLCertVerificationError(1, "[SSL: CERTIFICATE_VERIFY_FAILED] certificate verify failed: Hostname mismatch, certificate is not valid for '1okey.ru'. (_ssl.c:1010)")))
2026-09-17 19:34:33,886 INFO radar.signals: signals: {'competitor_price_change': 5, 'new_category': 0, 'multi_competitor': 0, 'demand': 0, 'new_use_case': 0}
2026-09-17 19:34:34,412 INFO radar.scheduler: job catchup: {'m22': {'seen': 252, 'changed': 13, 'errors': 0}, 'radiosync': {'seen': 28, 'changed': 0, 'errors': 0}, 'competitors': {'pages': 1340, 'seen': 1613, 'changed': 383, 'errors': 8}, 'analysis': {'matching': {'competitor_products': 1582, 'created': 129, 'updated': 2504, 'photo': {'created': 0, 'boosted': 1, 'noted': 0}}, 'signals': {'competitor_price_change': 5, 'new_category': 0, 'multi_competitor': 0, 'demand': 0, 'new_use_case': 0}, 'recommendations': 3, 'hypotheses': 0}, 'report_id': 7, 'backup': 'C:\\Users\\Adm\\Documents\\Claude Васильев\\m22-product-radar\\data\\backups\\radar_20260917_193434_update.sqlite3'}
2026-09-17 19:34:34,412 INFO apscheduler.executors.default: Job "_run_job (trigger: date[2026-09-17 18:35:01 MSK], next run at: 2026-09-17 18:35:01 MSK)" executed successfully
2026-09-17 22:29:13,720 INFO apscheduler.scheduler: Adding job tentatively -- it will be properly scheduled when the scheduler starts
2026-09-17 22:29:13,720 INFO apscheduler.scheduler: Adding job tentatively -- it will be properly scheduled when the scheduler starts
2026-09-17 22:29:13,720 INFO apscheduler.scheduler: Adding job tentatively -- it will be properly scheduled when the scheduler starts
2026-09-17 22:29:13,720 INFO apscheduler.scheduler: Adding job tentatively -- it will be properly scheduled when the scheduler starts
2026-09-17 22:29:13,728 INFO apscheduler.scheduler: Added job "_run_job" to job store "default"
2026-09-17 22:29:13,728 INFO apscheduler.scheduler: Added job "_run_job" to job store "default"
2026-09-17 22:29:13,728 INFO apscheduler.scheduler: Added job "_run_job" to job store "default"
2026-09-17 22:29:13,728 INFO apscheduler.scheduler: Added job "_run_job" to job store "default"
2026-09-17 22:29:13,728 INFO apscheduler.scheduler: Scheduler started
2026-09-17 22:29:13,733 INFO radar.scheduler: scheduler started
2026-09-17 22:53:29,487 INFO apscheduler.scheduler: Adding job tentatively -- it will be properly scheduled when the scheduler starts
2026-09-17 22:53:29,489 INFO apscheduler.scheduler: Adding job tentatively -- it will be properly scheduled when the scheduler starts
2026-09-17 22:53:29,489 INFO apscheduler.scheduler: Adding job tentatively -- it will be properly scheduled when the scheduler starts
2026-09-17 22:53:29,489 INFO apscheduler.scheduler: Adding job tentatively -- it will be properly scheduled when the scheduler starts
2026-09-17 22:53:29,489 INFO apscheduler.scheduler: Added job "_run_job" to job store "default"
2026-09-17 22:53:29,489 INFO apscheduler.scheduler: Added job "_run_job" to job store "default"
2026-09-17 22:53:29,489 INFO apscheduler.scheduler: Added job "_run_job" to job store "default"
2026-09-17 22:53:29,489 INFO apscheduler.scheduler: Added job "_run_job" to job store "default"
2026-09-17 22:53:29,489 INFO apscheduler.scheduler: Scheduler started
2026-09-17 22:53:29,491 INFO radar.scheduler: scheduler started
2026-09-18 05:00:00,054 INFO apscheduler.executors.default: Running job "_run_job (trigger: cron[hour='5', minute='0'], next run at: 2026-09-19 05:00:00 MSK)" (scheduled at 2026-09-18 05:00:00+03:00)
2026-09-18 05:00:02,411 INFO radar.collectors.m22: m22.ru: 252 страниц товаров в контуре
2026-09-18 05:08:27,782 INFO radar.collectors.radiosync: radiosync.ru: 27 страниц товаров
2026-09-18 05:09:27,531 INFO radar.signals: signals: {'competitor_price_change': 0, 'new_category': 0, 'multi_competitor': 0, 'demand': 0, 'new_use_case': 0}
2026-09-18 05:09:27,560 INFO radar.scheduler: job m22: {'m22': {'seen': 252, 'changed': 0, 'errors': 0}, 'radiosync': {'seen': 28, 'changed': 0, 'errors': 0}, 'analysis': {'matching': {'competitor_products': 1582, 'created': 110, 'updated': 2575, 'photo': {'created': 0, 'boosted': 1, 'noted': 0}}, 'signals': {'competitor_price_change': 0, 'new_category': 0, 'multi_competitor': 0, 'demand': 0, 'new_use_case': 0}, 'recommendations': 0, 'hypotheses': 0}}
2026-09-18 05:09:27,561 INFO apscheduler.executors.default: Job "_run_job (trigger: cron[hour='5', minute='0'], next run at: 2026-09-19 05:00:00 MSK)" executed successfully
2026-09-18 06:00:00,021 INFO apscheduler.executors.default: Running job "_run_job (trigger: cron[hour='6', minute='0'], next run at: 2026-09-19 06:00:00 MSK)" (scheduled at 2026-09-18 06:00:00+03:00)
2026-09-18 06:00:01,955 INFO radar.collectors.competitor_generic: sitemap https://crystal-sound.com/sitemap.xml: +0 страниц
2026-09-18 06:00:04,091 INFO radar.collectors.competitor_generic: sitemap https://www.cromi.ru/sitemap.xml: +0 страниц
2026-09-18 06:00:06,392 INFO radar.collectors.competitor_generic: sitemap https://sinexpo.ru/sitemap.xml: +0 страниц
2026-09-18 06:00:42,588 WARNING radar.http: fetch error (1/3) https://radio-tourist.ru/sitemap.xml: HTTPSConnectionPool(host='radio-tourist.ru', port=443): Max retries exceeded with url: /sitemap.xml (Caused by ConnectTimeoutError(<HTTPSConnection(host='radio-tourist.ru', port=443) at 0x23234254f80>, 'Connection to radio-tourist.ru timed out. (connect timeout=30.0)'))
2026-09-18 06:01:05,697 WARNING radar.http: fetch error (2/3) https://radio-tourist.ru/sitemap.xml: HTTPSConnectionPool(host='radio-tourist.ru', port=443): Max retries exceeded with url: /sitemap.xml (Caused by ConnectTimeoutError(<HTTPSConnection(host='radio-tourist.ru', port=443) at 0x23234254a10>, 'Connection to radio-tourist.ru timed out. (connect timeout=30.0)'))
2026-09-18 06:01:30,820 WARNING radar.http: fetch error (3/3) https://radio-tourist.ru/sitemap.xml: HTTPSConnectionPool(host='radio-tourist.ru', port=443): Max retries exceeded with url: /sitemap.xml (Caused by ConnectTimeoutError(<HTTPSConnection(host='radio-tourist.ru', port=443) at 0x23234256510>, 'Connection to radio-tourist.ru timed out. (connect timeout=30.0)'))
2026-09-18 06:01:41,759 INFO radar.collectors.competitor_generic: sitemap https://retekess.com.ru/sitemap.xml: +0 страниц
2026-09-18 06:01:45,361 INFO radar.collectors.competitor_generic: sitemap https://conferencepro.ru/sitemap.xml: +1 страниц
2026-09-18 06:02:06,757 INFO radar.collectors.competitor_generic: sitemap https://mikrofon78.ru/sitemap.xml: +0 страниц
2026-09-18 06:02:09,075 INFO radar.collectors.competitor_generic: sitemap https://spbaudio.ru/sitemap.xml: +0 страниц
2026-09-18 06:02:21,020 INFO radar.collectors.competitor_generic: sitemap https://tour-audio.ru/sitemap.xml: +0 страниц
2026-09-18 06:02:23,195 INFO radar.collectors.competitor_generic: sitemap https://spbsinhro.ru/sitemap.xml: +0 страниц
2026-09-18 06:02:25,216 INFO radar.collectors.competitor_generic: sitemap https://www.radioguide.rent/sitemap.xml: +0 страниц
2026-09-18 06:02:27,375 INFO radar.collectors.competitor_generic: sitemap https://sin24.ru/sitemap.xml: +0 страниц
2026-09-18 06:48:03,244 WARNING radar.http: fetch error (1/3) https://radio-tourist.ru/: HTTPSConnectionPool(host='radio-tourist.ru', port=443): Max retries exceeded with url: / (Caused by ConnectTimeoutError(<HTTPSConnection(host='radio-tourist.ru', port=443) at 0x23236459400>, 'Connection to radio-tourist.ru timed out. (connect timeout=30.0)'))
2026-09-18 06:48:26,359 WARNING radar.http: fetch error (2/3) https://radio-tourist.ru/: HTTPSConnectionPool(host='radio-tourist.ru', port=443): Max retries exceeded with url: / (Caused by ConnectTimeoutError(<HTTPSConnection(host='radio-tourist.ru', port=443) at 0x2323645b560>, 'Connection to radio-tourist.ru timed out. (connect timeout=30.0)'))
2026-09-18 06:48:51,463 WARNING radar.http: fetch error (3/3) https://radio-tourist.ru/: HTTPSConnectionPool(host='radio-tourist.ru', port=443): Max retries exceeded with url: / (Caused by ConnectTimeoutError(<HTTPSConnection(host='radio-tourist.ru', port=443) at 0x2323645abd0>, 'Connection to radio-tourist.ru timed out. (connect timeout=30.0)'))
2026-09-18 06:49:20,563 WARNING radar.http: fetch error (1/3) https://radio-tourist.ru/arenda-radiogida: HTTPSConnectionPool(host='radio-tourist.ru', port=443): Max retries exceeded with url: /arenda-radiogida (Caused by ConnectTimeoutError(<HTTPSConnection(host='radio-tourist.ru', port=443) at 0x2323645a6f0>, 'Connection to radio-tourist.ru timed out. (connect timeout=30.0)'))
2026-09-18 06:49:43,663 WARNING radar.http: fetch error (2/3) https://radio-tourist.ru/arenda-radiogida: HTTPSConnectionPool(host='radio-tourist.ru', port=443): Max retries exceeded with url: /arenda-radiogida (Caused by ConnectTimeoutError(<HTTPSConnection(host='radio-tourist.ru', port=443) at 0x23234295940>, 'Connection to radio-tourist.ru timed out. (connect timeout=30.0)'))
2026-09-18 06:50:08,782 WARNING radar.http: fetch error (3/3) https://radio-tourist.ru/arenda-radiogida: HTTPSConnectionPool(host='radio-tourist.ru', port=443): Max retries exceeded with url: /arenda-radiogida (Caused by ConnectTimeoutError(<HTTPSConnection(host='radio-tourist.ru', port=443) at 0x2323645b320>, 'Connection to radio-tourist.ru timed out. (connect timeout=30.0)'))
2026-09-18 06:50:37,924 WARNING radar.http: fetch error (1/3) https://radio-tourist.ru/magazin/folder/radiogidy-retekess: HTTPSConnectionPool(host='radio-tourist.ru', port=443): Max retries exceeded with url: /magazin/folder/radiogidy-retekess (Caused by ConnectTimeoutError(<HTTPSConnection(host='radio-tourist.ru', port=443) at 0x23236458860>, 'Connection to radio-tourist.ru timed out. (connect timeout=30.0)'))
2026-09-18 06:51:01,031 WARNING radar.http: fetch error (2/3) https://radio-tourist.ru/magazin/folder/radiogidy-retekess: HTTPSConnectionPool(host='radio-tourist.ru', port=443): Max retries exceeded with url: /magazin/folder/radiogidy-retekess (Caused by ConnectTimeoutError(<HTTPSConnection(host='radio-tourist.ru', port=443) at 0x232364598b0>, 'Connection to radio-tourist.ru timed out. (connect timeout=30.0)'))
2026-09-18 06:51:26,151 WARNING radar.http: fetch error (3/3) https://radio-tourist.ru/magazin/folder/radiogidy-retekess: HTTPSConnectionPool(host='radio-tourist.ru', port=443): Max retries exceeded with url: /magazin/folder/radiogidy-retekess (Caused by ConnectTimeoutError(<HTTPSConnection(host='radio-tourist.ru', port=443) at 0x23236458620>, 'Connection to radio-tourist.ru timed out. (connect timeout=30.0)'))
2026-09-18 06:51:55,273 WARNING radar.http: fetch error (1/3) https://radio-tourist.ru/magazin/folder/radiogidy-radioguide: HTTPSConnectionPool(host='radio-tourist.ru', port=443): Max retries exceeded with url: /magazin/folder/radiogidy-radioguide (Caused by ConnectTimeoutError(<HTTPSConnection(host='radio-tourist.ru', port=443) at 0x232364581a0>, 'Connection to radio-tourist.ru timed out. (connect timeout=30.0)'))
2026-09-18 06:52:18,395 WARNING radar.http: fetch error (2/3) https://radio-tourist.ru/magazin/folder/radiogidy-radioguide: HTTPSConnectionPool(host='radio-tourist.ru', port=443): Max retries exceeded with url: /magazin/folder/radiogidy-radioguide (Caused by ConnectTimeoutError(<HTTPSConnection(host='radio-tourist.ru', port=443) at 0x23236459760>, 'Connection to radio-tourist.ru timed out. (connect timeout=30.0)'))
2026-09-18 06:52:43,495 WARNING radar.http: fetch error (3/3) https://radio-tourist.ru/magazin/folder/radiogidy-radioguide: HTTPSConnectionPool(host='radio-tourist.ru', port=443): Max retries exceeded with url: /magazin/folder/radiogidy-radioguide (Caused by ConnectTimeoutError(<HTTPSConnection(host='radio-tourist.ru', port=443) at 0x23236459b80>, 'Connection to radio-tourist.ru timed out. (connect timeout=30.0)'))
2026-09-18 06:53:12,630 WARNING radar.http: fetch error (1/3) https://radio-tourist.ru/magazin/product/gromkogovoritel-rm-88: HTTPSConnectionPool(host='radio-tourist.ru', port=443): Max retries exceeded with url: /magazin/product/gromkogovoritel-rm-88 (Caused by ConnectTimeoutError(<HTTPSConnection(host='radio-tourist.ru', port=443) at 0x23236458f80>, 'Connection to radio-tourist.ru timed out. (connect timeout=30.0)'))
2026-09-18 06:53:35,769 WARNING radar.http: fetch error (2/3) https://radio-tourist.ru/magazin/product/gromkogovoritel-rm-88: HTTPSConnectionPool(host='radio-tourist.ru', port=443): Max retries exceeded with url: /magazin/product/gromkogovoritel-rm-88 (Caused by ConnectTimeoutError(<HTTPSConnection(host='radio-tourist.ru', port=443) at 0x232364588c0>, 'Connection to radio-tourist.ru timed out. (connect timeout=30.0)'))
2026-09-18 06:54:00,847 WARNING radar.http: fetch error (3/3) https://radio-tourist.ru/magazin/product/gromkogovoritel-rm-88: HTTPSConnectionPool(host='radio-tourist.ru', port=443): Max retries exceeded with url: /magazin/product/gromkogovoritel-rm-88 (Caused by ConnectTimeoutError(<HTTPSConnection(host='radio-tourist.ru', port=443) at 0x232364baa80>, 'Connection to radio-tourist.ru timed out. (connect timeout=30.0)'))
2026-09-18 06:54:29,953 WARNING radar.http: fetch error (1/3) https://radio-tourist.ru/magazin/product/gromkogovoritel-p-30: HTTPSConnectionPool(host='radio-tourist.ru', port=443): Max retries exceeded with url: /magazin/product/gromkogovoritel-p-30 (Caused by ConnectTimeoutError(<HTTPSConnection(host='radio-tourist.ru', port=443) at 0x232364ba900>, 'Connection to radio-tourist.ru timed out. (connect timeout=30.0)'))
2026-09-18 06:54:53,046 WARNING radar.http: fetch error (2/3) https://radio-tourist.ru/magazin/product/gromkogovoritel-p-30: HTTPSConnectionPool(host='radio-tourist.ru', port=443): Max retries exceeded with url: /magazin/product/gromkogovoritel-p-30 (Caused by ConnectTimeoutError(<HTTPSConnection(host='radio-tourist.ru', port=443) at 0x232364581d0>, 'Connection to radio-tourist.ru timed out. (connect timeout=30.0)'))
2026-09-18 06:55:18,171 WARNING radar.http: fetch error (3/3) https://radio-tourist.ru/magazin/product/gromkogovoritel-p-30: HTTPSConnectionPool(host='radio-tourist.ru', port=443): Max retries exceeded with url: /magazin/product/gromkogovoritel-p-30 (Caused by ConnectTimeoutError(<HTTPSConnection(host='radio-tourist.ru', port=443) at 0x2323645a630>, 'Connection to radio-tourist.ru timed out. (connect timeout=30.0)'))
2026-09-18 06:55:47,266 WARNING radar.http: fetch error (1/3) https://radio-tourist.ru/magazin/product/zaryadnaya-sistema-rg-18: HTTPSConnectionPool(host='radio-tourist.ru', port=443): Max retries exceeded with url: /magazin/product/zaryadnaya-sistema-rg-18 (Caused by ConnectTimeoutError(<HTTPSConnection(host='radio-tourist.ru', port=443) at 0x232364b9d00>, 'Connection to radio-tourist.ru timed out. (connect timeout=30.0)'))
2026-09-18 06:56:10,395 WARNING radar.http: fetch error (2/3) https://radio-tourist.ru/magazin/product/zaryadnaya-sistema-rg-18: HTTPSConnectionPool(host='radio-tourist.ru', port=443): Max retries exceeded with url: /magazin/product/zaryadnaya-sistema-rg-18 (Caused by ConnectTimeoutError(<HTTPSConnection(host='radio-tourist.ru', port=443) at 0x232364b8740>, 'Connection to radio-tourist.ru timed out. (connect timeout=30.0)'))
2026-09-18 06:56:35,485 WARNING radar.http: fetch error (3/3) https://radio-tourist.ru/magazin/product/zaryadnaya-sistema-rg-18: HTTPSConnectionPool(host='radio-tourist.ru', port=443): Max retries exceeded with url: /magazin/product/zaryadnaya-sistema-rg-18 (Caused by ConnectTimeoutError(<HTTPSConnection(host='radio-tourist.ru', port=443) at 0x232364bbf80>, 'Connection to radio-tourist.ru timed out. (connect timeout=30.0)'))
2026-09-18 06:57:04,605 WARNING radar.http: fetch error (1/3) https://radio-tourist.ru/magazin/product/zaryadnyj-boks-rg-15: HTTPSConnectionPool(host='radio-tourist.ru', port=443): Max retries exceeded with url: /magazin/product/zaryadnyj-boks-rg-15 (Caused by ConnectTimeoutError(<HTTPSConnection(host='radio-tourist.ru', port=443) at 0x232364ba120>, 'Connection to radio-tourist.ru timed out. (connect timeout=30.0)'))
2026-09-18 06:57:27,728 WARNING radar.http: fetch error (2/3) https://radio-tourist.ru/magazin/product/zaryadnyj-boks-rg-15: HTTPSConnectionPool(host='radio-tourist.ru', port=443): Max retries exceeded with url: /magazin/product/zaryadnyj-boks-rg-15 (Caused by ConnectTimeoutError(<HTTPSConnection(host='radio-tourist.ru', port=443) at 0x2323645a4e0>, 'Connection to radio-tourist.ru timed out. (connect timeout=30.0)'))
2026-09-18 06:57:52,859 WARNING radar.http: fetch error (3/3) https://radio-tourist.ru/magazin/product/zaryadnyj-boks-rg-15: HTTPSConnectionPool(host='radio-tourist.ru', port=443): Max retries exceeded with url: /magazin/product/zaryadnyj-boks-rg-15 (Caused by ConnectTimeoutError(<HTTPSConnection(host='radio-tourist.ru', port=443) at 0x232364b80b0>, 'Connection to radio-tourist.ru timed out. (connect timeout=30.0)'))
2026-09-18 06:58:22,000 WARNING radar.http: fetch error (1/3) https://radio-tourist.ru/magazin/product/sumka-dlya-priemnikov-i-naushnikov-ekskursionnoj-sistemy-rg-18: HTTPSConnectionPool(host='radio-tourist.ru', port=443): Max retries exceeded with url: /magazin/product/sumka-dlya-priemnikov-i-naushnikov-ekskursionnoj-sistemy-rg-18 (Caused by ConnectTimeoutError(<HTTPSConnection(host='radio-tourist.ru', port=443) at 0x232364b9250>, 'Connection to radio-tourist.ru timed out. (connect timeout=30.0)'))
2026-09-18 06:58:45,088 WARNING radar.http: fetch error (2/3) https://radio-tourist.ru/magazin/product/sumka-dlya-priemnikov-i-naushnikov-ekskursionnoj-sistemy-rg-18: HTTPSConnectionPool(host='radio-tourist.ru', port=443): Max retries exceeded with url: /magazin/product/sumka-dlya-priemnikov-i-naushnikov-ekskursionnoj-sistemy-rg-18 (Caused by ConnectTimeoutError(<HTTPSConnection(host='radio-tourist.ru', port=443) at 0x232364b8fe0>, 'Connection to radio-tourist.ru timed out. (connect timeout=30.0)'))
2026-09-18 06:59:10,198 WARNING radar.http: fetch error (3/3) https://radio-tourist.ru/magazin/product/sumka-dlya-priemnikov-i-naushnikov-ekskursionnoj-sistemy-rg-18: HTTPSConnectionPool(host='radio-tourist.ru', port=443): Max retries exceeded with url: /magazin/product/sumka-dlya-priemnikov-i-naushnikov-ekskursionnoj-sistemy-rg-18 (Caused by ConnectTimeoutError(<HTTPSConnection(host='radio-tourist.ru', port=443) at 0x232364bb4a0>, 'Connection to radio-tourist.ru timed out. (connect timeout=30.0)'))
2026-09-18 06:59:39,315 WARNING radar.http: fetch error (1/3) https://radio-tourist.ru/magazin/product/naushnik-odnorazovyj-vakuumnyj-mono: HTTPSConnectionPool(host='radio-tourist.ru', port=443): Max retries exceeded with url: /magazin/product/naushnik-odnorazovyj-vakuumnyj-mono (Caused by ConnectTimeoutError(<HTTPSConnection(host='radio-tourist.ru', port=443) at 0x232364bb260>, 'Connection to radio-tourist.ru timed out. (connect timeout=30.0)'))
2026-09-18 07:00:02,432 WARNING radar.http: fetch error (2/3) https://radio-tourist.ru/magazin/product/naushnik-odnorazovyj-vakuumnyj-mono: HTTPSConnectionPool(host='radio-tourist.ru', port=443): Max retries exceeded with url: /magazin/product/naushnik-odnorazovyj-vakuumnyj-mono (Caused by ConnectTimeoutError(<HTTPSConnection(host='radio-tourist.ru', port=443) at 0x23234294860>, 'Connection to radio-tourist.ru timed out. (connect timeout=30.0)'))
2026-09-18 07:00:27,554 WARNING radar.http: fetch error (3/3) https://radio-tourist.ru/magazin/product/naushnik-odnorazovyj-vakuumnyj-mono: HTTPSConnectionPool(host='radio-tourist.ru', port=443): Max retries exceeded with url: /magazin/product/naushnik-odnorazovyj-vakuumnyj-mono (Caused by ConnectTimeoutError(<HTTPSConnection(host='radio-tourist.ru', port=443) at 0x2323645a6c0>, 'Connection to radio-tourist.ru timed out. (connect timeout=30.0)'))
2026-09-18 07:00:56,679 WARNING radar.http: fetch error (1/3) https://radio-tourist.ru/magazin/product/audiogid-mg-19: HTTPSConnectionPool(host='radio-tourist.ru', port=443): Max retries exceeded with url: /magazin/product/audiogid-mg-19 (Caused by ConnectTimeoutError(<HTTPSConnection(host='radio-tourist.ru', port=443) at 0x23236458860>, 'Connection to radio-tourist.ru timed out. (connect timeout=30.0)'))
2026-09-18 07:01:19,783 WARNING radar.http: fetch error (2/3) https://radio-tourist.ru/magazin/product/audiogid-mg-19: HTTPSConnectionPool(host='radio-tourist.ru', port=443): Max retries exceeded with url: /magazin/product/audiogid-mg-19 (Caused by ConnectTimeoutError(<HTTPSConnection(host='radio-tourist.ru', port=443) at 0x23236458fe0>, 'Connection to radio-tourist.ru timed out. (connect timeout=30.0)'))
2026-09-18 07:01:44,897 WARNING radar.http: fetch error (3/3) https://radio-tourist.ru/magazin/product/audiogid-mg-19: HTTPSConnectionPool(host='radio-tourist.ru', port=443): Max retries exceeded with url: /magazin/product/audiogid-mg-19 (Caused by ConnectTimeoutError(<HTTPSConnection(host='radio-tourist.ru', port=443) at 0x2323645a330>, 'Connection to radio-tourist.ru timed out. (connect timeout=30.0)'))
2026-09-18 07:02:14,029 WARNING radar.http: fetch error (1/3) https://radio-tourist.ru/magazin/product/zoweetek-z258-chernyj: HTTPSConnectionPool(host='radio-tourist.ru', port=443): Max retries exceeded with url: /magazin/product/zoweetek-z258-chernyj (Caused by ConnectTimeoutError(<HTTPSConnection(host='radio-tourist.ru', port=443) at 0x2323645a870>, 'Connection to radio-tourist.ru timed out. (connect timeout=30.0)'))
2026-09-18 07:02:37,134 WARNING radar.http: fetch error (2/3) https://radio-tourist.ru/magazin/product/zoweetek-z258-chernyj: HTTPSConnectionPool(host='radio-tourist.ru', port=443): Max retries exceeded with url: /magazin/product/zoweetek-z258-chernyj (Caused by ConnectTimeoutError(<HTTPSConnection(host='radio-tourist.ru', port=443) at 0x23236195d30>, 'Connection to radio-tourist.ru timed out. (connect timeout=30.0)'))
2026-09-18 07:03:02,261 WARNING radar.http: fetch error (3/3) https://radio-tourist.ru/magazin/product/zoweetek-z258-chernyj: HTTPSConnectionPool(host='radio-tourist.ru', port=443): Max retries exceeded with url: /magazin/product/zoweetek-z258-chernyj (Caused by ConnectTimeoutError(<HTTPSConnection(host='radio-tourist.ru', port=443) at 0x2323645b050>, 'Connection to radio-tourist.ru timed out. (connect timeout=30.0)'))
2026-09-18 07:03:31,392 WARNING radar.http: fetch error (1/3) https://radio-tourist.ru/magazin/product/rolton-k-500-krasnyj: HTTPSConnectionPool(host='radio-tourist.ru', port=443): Max retries exceeded with url: /magazin/product/rolton-k-500-krasnyj (Caused by ConnectTimeoutError(<HTTPSConnection(host='radio-tourist.ru', port=443) at 0x23236458cb0>, 'Connection to radio-tourist.ru timed out. (connect timeout=30.0)'))
2026-09-18 07:03:54,504 WARNING radar.http: fetch error (2/3) https://radio-tourist.ru/magazin/product/rolton-k-500-krasnyj: HTTPSConnectionPool(host='radio-tourist.ru', port=443): Max retries exceeded with url: /magazin/product/rolton-k-500-krasnyj (Caused by ConnectTimeoutError(<HTTPSConnection(host='radio-tourist.ru', port=443) at 0x23236458620>, 'Connection to radio-tourist.ru timed out. (connect timeout=30.0)'))
2026-09-18 07:04:19,618 WARNING radar.http: fetch error (3/3) https://radio-tourist.ru/magazin/product/rolton-k-500-krasnyj: HTTPSConnectionPool(host='radio-tourist.ru', port=443): Max retries exceeded with url: /magazin/product/rolton-k-500-krasnyj (Caused by ConnectTimeoutError(<HTTPSConnection(host='radio-tourist.ru', port=443) at 0x232364b8b60>, 'Connection to radio-tourist.ru timed out. (connect timeout=30.0)'))
2026-09-18 07:04:48,738 WARNING radar.http: fetch error (1/3) https://radio-tourist.ru/magazin/product/lazernaya-ukazka-zelenaya-laser-pointer-303: HTTPSConnectionPool(host='radio-tourist.ru', port=443): Max retries exceeded with url: /magazin/product/lazernaya-ukazka-zelenaya-laser-pointer-303 (Caused by ConnectTimeoutError(<HTTPSConnection(host='radio-tourist.ru', port=443) at 0x232364ba390>, 'Connection to radio-tourist.ru timed out. (connect timeout=30.0)'))
2026-09-18 07:05:11,859 WARNING radar.http: fetch error (2/3) https://radio-tourist.ru/magazin/product/lazernaya-ukazka-zelenaya-laser-pointer-303: HTTPSConnectionPool(host='radio-tourist.ru', port=443): Max retries exceeded with url: /magazin/product/lazernaya-ukazka-zelenaya-laser-pointer-303 (Caused by ConnectTimeoutError(<HTTPSConnection(host='radio-tourist.ru', port=443) at 0x2323645aff0>, 'Connection to radio-tourist.ru timed out. (connect timeout=30.0)'))
2026-09-18 07:05:36,939 WARNING radar.http: fetch error (3/3) https://radio-tourist.ru/magazin/product/lazernaya-ukazka-zelenaya-laser-pointer-303: HTTPSConnectionPool(host='radio-tourist.ru', port=443): Max retries exceeded with url: /magazin/product/lazernaya-ukazka-zelenaya-laser-pointer-303 (Caused by ConnectTimeoutError(<HTTPSConnection(host='radio-tourist.ru', port=443) at 0x2323645a1b0>, 'Connection to radio-tourist.ru timed out. (connect timeout=30.0)'))
2026-09-18 07:06:06,054 WARNING radar.http: fetch error (1/3) https://radio-tourist.ru/magazin/product/mikrofon-golovnoj-ekskursovoda: HTTPSConnectionPool(host='radio-tourist.ru', port=443): Max retries exceeded with url: /magazin/product/mikrofon-golovnoj-ekskursovoda (Caused by ConnectTimeoutError(<HTTPSConnection(host='radio-tourist.ru', port=443) at 0x23234732150>, 'Connection to radio-tourist.ru timed out. (connect timeout=30.0)'))
2026-09-18 07:06:29,168 WARNING radar.http: fetch error (2/3) https://radio-tourist.ru/magazin/product/mikrofon-golovnoj-ekskursovoda: HTTPSConnectionPool(host='radio-tourist.ru', port=443): Max retries exceeded with url: /magazin/product/mikrofon-golovnoj-ekskursovoda (Caused by ConnectTimeoutError(<HTTPSConnection(host='radio-tourist.ru', port=443) at 0x232364bb4d0>, 'Connection to radio-tourist.ru timed out. (connect timeout=30.0)'))
2026-09-18 07:06:54,287 WARNING radar.http: fetch error (3/3) https://radio-tourist.ru/magazin/product/mikrofon-golovnoj-ekskursovoda: HTTPSConnectionPool(host='radio-tourist.ru', port=443): Max retries exceeded with url: /magazin/product/mikrofon-golovnoj-ekskursovoda (Caused by ConnectTimeoutError(<HTTPSConnection(host='radio-tourist.ru', port=443) at 0x232364bb860>, 'Connection to radio-tourist.ru timed out. (connect timeout=30.0)'))
2026-09-18 07:07:23,424 WARNING radar.http: fetch error (1/3) https://radio-tourist.ru/magazin/product/mikrofon-shejnyj-ekskursovoda: HTTPSConnectionPool(host='radio-tourist.ru', port=443): Max retries exceeded with url: /magazin/product/mikrofon-shejnyj-ekskursovoda (Caused by ConnectTimeoutError(<HTTPSConnection(host='radio-tourist.ru', port=443) at 0x232364ba330>, 'Connection to radio-tourist.ru timed out. (connect timeout=30.0)'))
2026-09-18 07:07:46,523 WARNING radar.http: fetch error (2/3) https://radio-tourist.ru/magazin/product/mikrofon-shejnyj-ekskursovoda: HTTPSConnectionPool(host='radio-tourist.ru', port=443): Max retries exceeded with url: /magazin/product/mikrofon-shejnyj-ekskursovoda (Caused by ConnectTimeoutError(<HTTPSConnection(host='radio-tourist.ru', port=443) at 0x23235cb5df0>, 'Connection to radio-tourist.ru timed out. (connect timeout=30.0)'))
2026-09-18 07:08:11,629 WARNING radar.http: fetch error (3/3) https://radio-tourist.ru/magazin/product/mikrofon-shejnyj-ekskursovoda: HTTPSConnectionPool(host='radio-tourist.ru', port=443): Max retries exceeded with url: /magazin/product/mikrofon-shejnyj-ekskursovoda (Caused by ConnectTimeoutError(<HTTPSConnection(host='radio-tourist.ru', port=443) at 0x23236459b80>, 'Connection to radio-tourist.ru timed out. (connect timeout=30.0)'))
2026-09-18 07:08:40,755 WARNING radar.http: fetch error (1/3) https://radio-tourist.ru/magazin/product/retekess-tt105: HTTPSConnectionPool(host='radio-tourist.ru', port=443): Max retries exceeded with url: /magazin/product/retekess-tt105 (Caused by ConnectTimeoutError(<HTTPSConnection(host='radio-tourist.ru', port=443) at 0x232364baed0>, 'Connection to radio-tourist.ru timed out. (connect timeout=30.0)'))
2026-09-18 07:09:03,877 WARNING radar.http: fetch error (2/3) https://radio-tourist.ru/magazin/product/retekess-tt105: HTTPSConnectionPool(host='radio-tourist.ru', port=443): Max retries exceeded with url: /magazin/product/retekess-tt105 (Caused by ConnectTimeoutError(<HTTPSConnection(host='radio-tourist.ru', port=443) at 0x232364ba2a0>, 'Connection to radio-tourist.ru timed out. (connect timeout=30.0)'))
2026-09-18 07:09:29,011 WARNING radar.http: fetch error (3/3) https://radio-tourist.ru/magazin/product/retekess-tt105: HTTPSConnectionPool(host='radio-tourist.ru', port=443): Max retries exceeded with url: /magazin/product/retekess-tt105 (Caused by ConnectTimeoutError(<HTTPSConnection(host='radio-tourist.ru', port=443) at 0x232364b9af0>, 'Connection to radio-tourist.ru timed out. (connect timeout=30.0)'))
2026-09-18 07:09:58,119 WARNING radar.http: fetch error (1/3) https://radio-tourist.ru/magazin/product/audiogid-ms-15: HTTPSConnectionPool(host='radio-tourist.ru', port=443): Max retries exceeded with url: /magazin/product/audiogid-ms-15 (Caused by ConnectTimeoutError(<HTTPSConnection(host='radio-tourist.ru', port=443) at 0x23233bc6ff0>, 'Connection to radio-tourist.ru timed out. (connect timeout=30.0)'))
2026-09-18 07:10:21,226 WARNING radar.http: fetch error (2/3) https://radio-tourist.ru/magazin/product/audiogid-ms-15: HTTPSConnectionPool(host='radio-tourist.ru', port=443): Max retries exceeded with url: /magazin/product/audiogid-ms-15 (Caused by ConnectTimeoutError(<HTTPSConnection(host='radio-tourist.ru', port=443) at 0x2323645a300>, 'Connection to radio-tourist.ru timed out. (connect timeout=30.0)'))
2026-09-18 07:10:46,332 WARNING radar.http: fetch error (3/3) https://radio-tourist.ru/magazin/product/audiogid-ms-15: HTTPSConnectionPool(host='radio-tourist.ru', port=443): Max retries exceeded with url: /magazin/product/audiogid-ms-15 (Caused by ConnectTimeoutError(<HTTPSConnection(host='radio-tourist.ru', port=443) at 0x232364b9a60>, 'Connection to radio-tourist.ru timed out. (connect timeout=30.0)'))
2026-09-18 07:11:15,477 WARNING radar.http: fetch error (1/3) https://radio-tourist.ru/magazin/product/naushnik-dlya-ekskursij-mnogorazovyj-mono: HTTPSConnectionPool(host='radio-tourist.ru', port=443): Max retries exceeded with url: /magazin/product/naushnik-dlya-ekskursij-mnogorazovyj-mono (Caused by ConnectTimeoutError(<HTTPSConnection(host='radio-tourist.ru', port=443) at 0x232364b8860>, 'Connection to radio-tourist.ru timed out. (connect timeout=30.0)'))
2026-09-18 07:11:38,588 WARNING radar.http: fetch error (2/3) https://radio-tourist.ru/magazin/product/naushnik-dlya-ekskursij-mnogorazovyj-mono: HTTPSConnectionPool(host='radio-tourist.ru', port=443): Max retries exceeded with url: /magazin/product/naushnik-dlya-ekskursij-mnogorazovyj-mono (Caused by ConnectTimeoutError(<HTTPSConnection(host='radio-tourist.ru', port=443) at 0x232364b8e30>, 'Connection to radio-tourist.ru timed out. (connect timeout=30.0)'))
2026-09-18 07:12:03,685 WARNING radar.http: fetch error (3/3) https://radio-tourist.ru/magazin/product/naushnik-dlya-ekskursij-mnogorazovyj-mono: HTTPSConnectionPool(host='radio-tourist.ru', port=443): Max retries exceeded with url: /magazin/product/naushnik-dlya-ekskursij-mnogorazovyj-mono (Caused by ConnectTimeoutError(<HTTPSConnection(host='radio-tourist.ru', port=443) at 0x23233bc5d30>, 'Connection to radio-tourist.ru timed out. (connect timeout=30.0)'))
2026-09-18 07:12:32,822 WARNING radar.http: fetch error (1/3) https://radio-tourist.ru/magazin/product/naushnik-dlya-ekskursij-odnorazovyj-mono-s-porolonovoj-nakladkoj: HTTPSConnectionPool(host='radio-tourist.ru', port=443): Max retries exceeded with url: /magazin/product/naushnik-dlya-ekskursij-odnorazovyj-mono-s-porolonovoj-nakladkoj (Caused by ConnectTimeoutError(<HTTPSConnection(host='radio-tourist.ru', port=443) at 0x23233bc7800>, 'Connection to radio-tourist.ru timed out. (connect timeout=30.0)'))
2026-09-18 07:12:55,925 WARNING radar.http: fetch error (2/3) https://radio-tourist.ru/magazin/product/naushnik-dlya-ekskursij-odnorazovyj-mono-s-porolonovoj-nakladkoj: HTTPSConnectionPool(host='radio-tourist.ru', port=443): Max retries exceeded with url: /magazin/product/naushnik-dlya-ekskursij-odnorazovyj-mono-s-porolonovoj-nakladkoj (Caused by ConnectTimeoutError(<HTTPSConnection(host='radio-tourist.ru', port=443) at 0x23233aa8f20>, 'Connection to radio-tourist.ru timed out. (connect timeout=30.0)'))
2026-09-18 07:13:21,034 WARNING radar.http: fetch error (3/3) https://radio-tourist.ru/magazin/product/naushnik-dlya-ekskursij-odnorazovyj-mono-s-porolonovoj-nakladkoj: HTTPSConnectionPool(host='radio-tourist.ru', port=443): Max retries exceeded with url: /magazin/product/naushnik-dlya-ekskursij-odnorazovyj-mono-s-porolonovoj-nakladkoj (Caused by ConnectTimeoutError(<HTTPSConnection(host='radio-tourist.ru', port=443) at 0x232364b8860>, 'Connection to radio-tourist.ru timed out. (connect timeout=30.0)'))
2026-09-18 07:13:50,152 WARNING radar.http: fetch error (1/3) https://radio-tourist.ru/magazin/product/porolonovaya-nasadka-dlya-provodnyh-mikrofonov-dlya-ekskursij: HTTPSConnectionPool(host='radio-tourist.ru', port=443): Max retries exceeded with url: /magazin/product/porolonovaya-nasadka-dlya-provodnyh-mikrofonov-dlya-ekskursij (Caused by ConnectTimeoutError(<HTTPSConnection(host='radio-tourist.ru', port=443) at 0x23236459190>, 'Connection to radio-tourist.ru timed out. (connect timeout=30.0)'))
2026-09-18 07:14:13,280 WARNING radar.http: fetch error (2/3) https://radio-tourist.ru/magazin/product/porolonovaya-nasadka-dlya-provodnyh-mikrofonov-dlya-ekskursij: HTTPSConnectionPool(host='radio-tourist.ru', port=443): Max retries exceeded with url: /magazin/product/porolonovaya-nasadka-dlya-provodnyh-mikrofonov-dlya-ekskursij (Caused by ConnectTimeoutError(<HTTPSConnection(host='radio-tourist.ru', port=443) at 0x23233bc5c40>, 'Connection to radio-tourist.ru timed out. (connect timeout=30.0)'))
2026-09-18 07:14:38,399 WARNING radar.http: fetch error (3/3) https://radio-tourist.ru/magazin/product/porolonovaya-nasadka-dlya-provodnyh-mikrofonov-dlya-ekskursij: HTTPSConnectionPool(host='radio-tourist.ru', port=443): Max retries exceeded with url: /magazin/product/porolonovaya-nasadka-dlya-provodnyh-mikrofonov-dlya-ekskursij (Caused by ConnectTimeoutError(<HTTPSConnection(host='radio-tourist.ru', port=443) at 0x23233bc4920>, 'Connection to radio-tourist.ru timed out. (connect timeout=30.0)'))
2026-09-18 07:15:07,499 WARNING radar.http: fetch error (1/3) https://radio-tourist.ru/magazin/product/rupor-megafon-usilitel-golosa: HTTPSConnectionPool(host='radio-tourist.ru', port=443): Max retries exceeded with url: /magazin/product/rupor-megafon-usilitel-golosa (Caused by ConnectTimeoutError(<HTTPSConnection(host='radio-tourist.ru', port=443) at 0x23233bc7560>, 'Connection to radio-tourist.ru timed out. (connect timeout=30.0)'))
2026-09-18 07:15:30,595 WARNING radar.http: fetch error (2/3) https://radio-tourist.ru/magazin/product/rupor-megafon-usilitel-golosa: HTTPSConnectionPool(host='radio-tourist.ru', port=443): Max retries exceeded with url: /magazin/product/rupor-megafon-usilitel-golosa (Caused by ConnectTimeoutError(<HTTPSConnection(host='radio-tourist.ru', port=443) at 0x23236458050>, 'Connection to radio-tourist.ru timed out. (connect timeout=30.0)'))
2026-09-18 07:15:55,730 WARNING radar.http: fetch error (3/3) https://radio-tourist.ru/magazin/product/rupor-megafon-usilitel-golosa: HTTPSConnectionPool(host='radio-tourist.ru', port=443): Max retries exceeded with url: /magazin/product/rupor-megafon-usilitel-golosa (Caused by ConnectTimeoutError(<HTTPSConnection(host='radio-tourist.ru', port=443) at 0x23234295370>, 'Connection to radio-tourist.ru timed out. (connect timeout=30.0)'))
2026-09-18 07:16:24,879 WARNING radar.http: fetch error (1/3) https://radio-tourist.ru/magazin/product/besprovodnaya-sistema-radiogid-rg-18: HTTPSConnectionPool(host='radio-tourist.ru', port=443): Max retries exceeded with url: /magazin/product/besprovodnaya-sistema-radiogid-rg-18 (Caused by ConnectTimeoutError(<HTTPSConnection(host='radio-tourist.ru', port=443) at 0x23233bc74a0>, 'Connection to radio-tourist.ru timed out. (connect timeout=30.0)'))
2026-09-18 07:16:47,967 WARNING radar.http: fetch error (2/3) https://radio-tourist.ru/magazin/product/besprovodnaya-sistema-radiogid-rg-18: HTTPSConnectionPool(host='radio-tourist.ru', port=443): Max retries exceeded with url: /magazin/product/besprovodnaya-sistema-radiogid-rg-18 (Caused by ConnectTimeoutError(<HTTPSConnection(host='radio-tourist.ru', port=443) at 0x23233bc6d50>, 'Connection to radio-tourist.ru timed out. (connect timeout=30.0)'))
2026-09-18 07:17:13,081 WARNING radar.http: fetch error (3/3) https://radio-tourist.ru/magazin/product/besprovodnaya-sistema-radiogid-rg-18: HTTPSConnectionPool(host='radio-tourist.ru', port=443): Max retries exceeded with url: /magazin/product/besprovodnaya-sistema-radiogid-rg-18 (Caused by ConnectTimeoutError(<HTTPSConnection(host='radio-tourist.ru', port=443) at 0x23233bc7e00>, 'Connection to radio-tourist.ru timed out. (connect timeout=30.0)'))
2026-09-18 07:17:42,191 WARNING radar.http: fetch error (1/3) https://radio-tourist.ru/magazin/product/gromkogovoritel-poyasnoj-rm-70: HTTPSConnectionPool(host='radio-tourist.ru', port=443): Max retries exceeded with url: /magazin/product/gromkogovoritel-poyasnoj-rm-70 (Caused by ConnectTimeoutError(<HTTPSConnection(host='radio-tourist.ru', port=443) at 0x23233bc4ec0>, 'Connection to radio-tourist.ru timed out. (connect timeout=30.0)'))
2026-09-18 07:18:05,282 WARNING radar.http: fetch error (2/3) https://radio-tourist.ru/magazin/product/gromkogovoritel-poyasnoj-rm-70: HTTPSConnectionPool(host='radio-tourist.ru', port=443): Max retries exceeded with url: /magazin/product/gromkogovoritel-poyasnoj-rm-70 (Caused by ConnectTimeoutError(<HTTPSConnection(host='radio-tourist.ru', port=443) at 0x23233d3e840>, 'Connection to radio-tourist.ru timed out. (connect timeout=30.0)'))
2026-09-18 07:18:30,391 WARNING radar.http: fetch error (3/3) https://radio-tourist.ru/magazin/product/gromkogovoritel-poyasnoj-rm-70: HTTPSConnectionPool(host='radio-tourist.ru', port=443): Max retries exceeded with url: /magazin/product/gromkogovoritel-poyasnoj-rm-70 (Caused by ConnectTimeoutError(<HTTPSConnection(host='radio-tourist.ru', port=443) at 0x23233bc4740>, 'Connection to radio-tourist.ru timed out. (connect timeout=30.0)'))
2026-09-18 07:18:59,499 WARNING radar.http: fetch error (1/3) https://radio-tourist.ru/magazin/product/gromkogovoritel-poyasnoj-rm-81: HTTPSConnectionPool(host='radio-tourist.ru', port=443): Max retries exceeded with url: /magazin/product/gromkogovoritel-poyasnoj-rm-81 (Caused by ConnectTimeoutError(<HTTPSConnection(host='radio-tourist.ru', port=443) at 0x23233bc4140>, 'Connection to radio-tourist.ru timed out. (connect timeout=30.0)'))
2026-09-18 07:19:22,639 WARNING radar.http: fetch error (2/3) https://radio-tourist.ru/magazin/product/gromkogovoritel-poyasnoj-rm-81: HTTPSConnectionPool(host='radio-tourist.ru', port=443): Max retries exceeded with url: /magazin/product/gromkogovoritel-poyasnoj-rm-81 (Caused by ConnectTimeoutError(<HTTPSConnection(host='radio-tourist.ru', port=443) at 0x23233bc5940>, 'Connection to radio-tourist.ru timed out. (connect timeout=30.0)'))
2026-09-18 07:19:47,750 WARNING radar.http: fetch error (3/3) https://radio-tourist.ru/magazin/product/gromkogovoritel-poyasnoj-rm-81: HTTPSConnectionPool(host='radio-tourist.ru', port=443): Max retries exceeded with url: /magazin/product/gromkogovoritel-poyasnoj-rm-81 (Caused by ConnectTimeoutError(<HTTPSConnection(host='radio-tourist.ru', port=443) at 0x23235ef9fd0>, 'Connection to radio-tourist.ru timed out. (connect timeout=30.0)'))
2026-09-18 07:20:16,850 WARNING radar.http: fetch error (1/3) https://radio-tourist.ru/magazin/product/gromkogovoritel-rm-91-70-vatt: HTTPSConnectionPool(host='radio-tourist.ru', port=443): Max retries exceeded with url: /magazin/product/gromkogovoritel-rm-91-70-vatt (Caused by ConnectTimeoutError(<HTTPSConnection(host='radio-tourist.ru', port=443) at 0x23235ef8200>, 'Connection to radio-tourist.ru timed out. (connect timeout=30.0)'))
2026-09-18 07:20:39,970 WARNING radar.http: fetch error (2/3) https://radio-tourist.ru/magazin/product/gromkogovoritel-rm-91-70-vatt: HTTPSConnectionPool(host='radio-tourist.ru', port=443): Max retries exceeded with url: /magazin/product/gromkogovoritel-rm-91-70-vatt (Caused by ConnectTimeoutError(<HTTPSConnection(host='radio-tourist.ru', port=443) at 0x23233bc5310>, 'Connection to radio-tourist.ru timed out. (connect timeout=30.0)'))
2026-09-18 07:21:05,090 WARNING radar.http: fetch error (3/3) https://radio-tourist.ru/magazin/product/gromkogovoritel-rm-91-70-vatt: HTTPSConnectionPool(host='radio-tourist.ru', port=443): Max retries exceeded with url: /magazin/product/gromkogovoritel-rm-91-70-vatt (Caused by ConnectTimeoutError(<HTTPSConnection(host='radio-tourist.ru', port=443) at 0x23233bc5e80>, 'Connection to radio-tourist.ru timed out. (connect timeout=30.0)'))
2026-09-18 07:21:34,213 WARNING radar.http: fetch error (1/3) https://radio-tourist.ru/magazin/product/naushnik-odnorazovyj-vakuumnyj-stereo: HTTPSConnectionPool(host='radio-tourist.ru', port=443): Max retries exceeded with url: /magazin/product/naushnik-odnorazovyj-vakuumnyj-stereo (Caused by ConnectTimeoutError(<HTTPSConnection(host='radio-tourist.ru', port=443) at 0x232336f77a0>, 'Connection to radio-tourist.ru timed out. (connect timeout=30.0)'))
2026-09-18 07:21:57,303 WARNING radar.http: fetch error (2/3) https://radio-tourist.ru/magazin/product/naushnik-odnorazovyj-vakuumnyj-stereo: HTTPSConnectionPool(host='radio-tourist.ru', port=443): Max retries exceeded with url: /magazin/product/naushnik-odnorazovyj-vakuumnyj-stereo (Caused by ConnectTimeoutError(<HTTPSConnection(host='radio-tourist.ru', port=443) at 0x23235ef9b20>, 'Connection to radio-tourist.ru timed out. (connect timeout=30.0)'))
2026-09-18 07:22:22,426 WARNING radar.http: fetch error (3/3) https://radio-tourist.ru/magazin/product/naushnik-odnorazovyj-vakuumnyj-stereo: HTTPSConnectionPool(host='radio-tourist.ru', port=443): Max retries exceeded with url: /magazin/product/naushnik-odnorazovyj-vakuumnyj-stereo (Caused by ConnectTimeoutError(<HTTPSConnection(host='radio-tourist.ru', port=443) at 0x23235efb980>, 'Connection to radio-tourist.ru timed out. (connect timeout=30.0)'))
2026-09-18 07:22:51,541 WARNING radar.http: fetch error (1/3) https://radio-tourist.ru/magazin/product/kondensatornyj-mikrofon-s-zazhimom-petlichnyj: HTTPSConnectionPool(host='radio-tourist.ru', port=443): Max retries exceeded with url: /magazin/product/kondensatornyj-mikrofon-s-zazhimom-petlichnyj (Caused by ConnectTimeoutError(<HTTPSConnection(host='radio-tourist.ru', port=443) at 0x23235ef9bb0>, 'Connection to radio-tourist.ru timed out. (connect timeout=30.0)'))
2026-09-18 07:23:14,648 WARNING radar.http: fetch error (2/3) https://radio-tourist.ru/magazin/product/kondensatornyj-mikrofon-s-zazhimom-petlichnyj: HTTPSConnectionPool(host='radio-tourist.ru', port=443): Max retries exceeded with url: /magazin/product/kondensatornyj-mikrofon-s-zazhimom-petlichnyj (Caused by ConnectTimeoutError(<HTTPSConnection(host='radio-tourist.ru', port=443) at 0x23233d3d4f0>, 'Connection to radio-tourist.ru timed out. (connect timeout=30.0)'))
2026-09-18 07:23:39,763 WARNING radar.http: fetch error (3/3) https://radio-tourist.ru/magazin/product/kondensatornyj-mikrofon-s-zazhimom-petlichnyj: HTTPSConnectionPool(host='radio-tourist.ru', port=443): Max retries exceeded with url: /magazin/product/kondensatornyj-mikrofon-s-zazhimom-petlichnyj (Caused by ConnectTimeoutError(<HTTPSConnection(host='radio-tourist.ru', port=443) at 0x23233bc6690>, 'Connection to radio-tourist.ru timed out. (connect timeout=30.0)'))
2026-09-18 07:24:08,842 WARNING radar.http: fetch error (1/3) https://radio-tourist.ru/magazin/product/mikrofon-s-zazhimom-petlichnyj-stereo: HTTPSConnectionPool(host='radio-tourist.ru', port=443): Max retries exceeded with url: /magazin/product/mikrofon-s-zazhimom-petlichnyj-stereo (Caused by ConnectTimeoutError(<HTTPSConnection(host='radio-tourist.ru', port=443) at 0x23235ef8590>, 'Connection to radio-tourist.ru timed out. (connect timeout=30.0)'))
2026-09-18 07:24:31,957 WARNING radar.http: fetch error (2/3) https://radio-tourist.ru/magazin/product/mikrofon-s-zazhimom-petlichnyj-stereo: HTTPSConnectionPool(host='radio-tourist.ru', port=443): Max retries exceeded with url: /magazin/product/mikrofon-s-zazhimom-petlichnyj-stereo (Caused by ConnectTimeoutError(<HTTPSConnection(host='radio-tourist.ru', port=443) at 0x23235efb950>, 'Connection to radio-tourist.ru timed out. (connect timeout=30.0)'))
2026-09-18 07:24:57,091 WARNING radar.http: fetch error (3/3) https://radio-tourist.ru/magazin/product/mikrofon-s-zazhimom-petlichnyj-stereo: HTTPSConnectionPool(host='radio-tourist.ru', port=443): Max retries exceeded with url: /magazin/product/mikrofon-s-zazhimom-petlichnyj-stereo (Caused by ConnectTimeoutError(<HTTPSConnection(host='radio-tourist.ru', port=443) at 0x23235efa240>, 'Connection to radio-tourist.ru timed out. (connect timeout=30.0)'))
2026-09-18 07:25:26,215 WARNING radar.http: fetch error (1/3) https://radio-tourist.ru/magazin/product/mikrofon-golovnoj-stereo: HTTPSConnectionPool(host='radio-tourist.ru', port=443): Max retries exceeded with url: /magazin/product/mikrofon-golovnoj-stereo (Caused by ConnectTimeoutError(<HTTPSConnection(host='radio-tourist.ru', port=443) at 0x23235efaf60>, 'Connection to radio-tourist.ru timed out. (connect timeout=30.0)'))
2026-09-18 07:25:49,331 WARNING radar.http: fetch error (2/3) https://radio-tourist.ru/magazin/product/mikrofon-golovnoj-stereo: HTTPSConnectionPool(host='radio-tourist.ru', port=443): Max retries exceeded with url: /magazin/product/mikrofon-golovnoj-stereo (Caused by ConnectTimeoutError(<HTTPSConnection(host='radio-tourist.ru', port=443) at 0x23233d3d430>, 'Connection to radio-tourist.ru timed out. (connect timeout=30.0)'))
2026-09-18 07:26:14,425 WARNING radar.http: fetch error (3/3) https://radio-tourist.ru/magazin/product/mikrofon-golovnoj-stereo: HTTPSConnectionPool(host='radio-tourist.ru', port=443): Max retries exceeded with url: /magazin/product/mikrofon-golovnoj-stereo (Caused by ConnectTimeoutError(<HTTPSConnection(host='radio-tourist.ru', port=443) at 0x23235efa570>, 'Connection to radio-tourist.ru timed out. (connect timeout=30.0)'))
2026-09-18 07:26:43,573 WARNING radar.http: fetch error (1/3) https://radio-tourist.ru/magazin/product/porolonovaya-nasadka-dlya-mikrofona-3-00x2-20x2-20-sm: HTTPSConnectionPool(host='radio-tourist.ru', port=443): Max retries exceeded with url: /magazin/product/porolonovaya-nasadka-dlya-mikrofona-3-00x2-20x2-20-sm (Caused by ConnectTimeoutError(<HTTPSConnection(host='radio-tourist.ru', port=443) at 0x23235ef8290>, 'Connection to radio-tourist.ru timed out. (connect timeout=30.0)'))
2026-09-18 07:27:06,665 WARNING radar.http: fetch error (2/3) https://radio-tourist.ru/magazin/product/porolonovaya-nasadka-dlya-mikrofona-3-00x2-20x2-20-sm: HTTPSConnectionPool(host='radio-tourist.ru', port=443): Max retries exceeded with url: /magazin/product/porolonovaya-nasadka-dlya-mikrofona-3-00x2-20x2-20-sm (Caused by ConnectTimeoutError(<HTTPSConnection(host='radio-tourist.ru', port=443) at 0x23235efa510>, 'Connection to radio-tourist.ru timed out. (connect timeout=30.0)'))
2026-09-18 07:27:31,761 WARNING radar.http: fetch error (3/3) https://radio-tourist.ru/magazin/product/porolonovaya-nasadka-dlya-mikrofona-3-00x2-20x2-20-sm: HTTPSConnectionPool(host='radio-tourist.ru', port=443): Max retries exceeded with url: /magazin/product/porolonovaya-nasadka-dlya-mikrofona-3-00x2-20x2-20-sm (Caused by ConnectTimeoutError(<HTTPSConnection(host='radio-tourist.ru', port=443) at 0x23235efb860>, 'Connection to radio-tourist.ru timed out. (connect timeout=30.0)'))
2026-09-18 07:28:00,871 WARNING radar.http: fetch error (1/3) https://radio-tourist.ru/magazin/product/rolton-k-400: HTTPSConnectionPool(host='radio-tourist.ru', port=443): Max retries exceeded with url: /magazin/product/rolton-k-400 (Caused by ConnectTimeoutError(<HTTPSConnection(host='radio-tourist.ru', port=443) at 0x232362e0a10>, 'Connection to radio-tourist.ru timed out. (connect timeout=30.0)'))
2026-09-18 07:28:23,961 WARNING radar.http: fetch error (2/3) https://radio-tourist.ru/magazin/product/rolton-k-400: HTTPSConnectionPool(host='radio-tourist.ru', port=443): Max retries exceeded with url: /magazin/product/rolton-k-400 (Caused by ConnectTimeoutError(<HTTPSConnection(host='radio-tourist.ru', port=443) at 0x23235efa210>, 'Connection to radio-tourist.ru timed out. (connect timeout=30.0)'))
2026-09-18 07:28:49,054 WARNING radar.http: fetch error (3/3) https://radio-tourist.ru/magazin/product/rolton-k-400: HTTPSConnectionPool(host='radio-tourist.ru', port=443): Max retries exceeded with url: /magazin/product/rolton-k-400 (Caused by ConnectTimeoutError(<HTTPSConnection(host='radio-tourist.ru', port=443) at 0x23235efa600>, 'Connection to radio-tourist.ru timed out. (connect timeout=30.0)'))
2026-09-18 07:29:18,199 WARNING radar.http: fetch error (1/3) https://radio-tourist.ru/magazin/product/besprovodnaya-sistema-radiogid-rg-15: HTTPSConnectionPool(host='radio-tourist.ru', port=443): Max retries exceeded with url: /magazin/product/besprovodnaya-sistema-radiogid-rg-15 (Caused by ConnectTimeoutError(<HTTPSConnection(host='radio-tourist.ru', port=443) at 0x23235efb6b0>, 'Connection to radio-tourist.ru timed out. (connect timeout=30.0)'))
2026-09-18 07:29:41,309 WARNING radar.http: fetch error (2/3) https://radio-tourist.ru/magazin/product/besprovodnaya-sistema-radiogid-rg-15: HTTPSConnectionPool(host='radio-tourist.ru', port=443): Max retries exceeded with url: /magazin/product/besprovodnaya-sistema-radiogid-rg-15 (Caused by ConnectTimeoutError(<HTTPSConnection(host='radio-tourist.ru', port=443) at 0x232362e1e50>, 'Connection to radio-tourist.ru timed out. (connect timeout=30.0)'))
2026-09-18 07:30:06,409 WARNING radar.http: fetch error (3/3) https://radio-tourist.ru/magazin/product/besprovodnaya-sistema-radiogid-rg-15: HTTPSConnectionPool(host='radio-tourist.ru', port=443): Max retries exceeded with url: /magazin/product/besprovodnaya-sistema-radiogid-rg-15 (Caused by ConnectTimeoutError(<HTTPSConnection(host='radio-tourist.ru', port=443) at 0x232362e01d0>, 'Connection to radio-tourist.ru timed out. (connect timeout=30.0)'))
2026-09-18 07:30:35,573 WARNING radar.http: fetch error (1/3) https://radio-tourist.ru/magazin/product/besprovodnaya-sistema-radiogid-rg-07: HTTPSConnectionPool(host='radio-tourist.ru', port=443): Max retries exceeded with url: /magazin/product/besprovodnaya-sistema-radiogid-rg-07 (Caused by ConnectTimeoutError(<HTTPSConnection(host='radio-tourist.ru', port=443) at 0x232362e0cb0>, 'Connection to radio-tourist.ru timed out. (connect timeout=30.0)'))
2026-09-18 07:30:58,661 WARNING radar.http: fetch error (2/3) https://radio-tourist.ru/magazin/product/besprovodnaya-sistema-radiogid-rg-07: HTTPSConnectionPool(host='radio-tourist.ru', port=443): Max retries exceeded with url: /magazin/product/besprovodnaya-sistema-radiogid-rg-07 (Caused by ConnectTimeoutError(<HTTPSConnection(host='radio-tourist.ru', port=443) at 0x23235ef99d0>, 'Connection to radio-tourist.ru timed out. (connect timeout=30.0)'))
2026-09-18 07:31:23,773 WARNING radar.http: fetch error (3/3) https://radio-tourist.ru/magazin/product/besprovodnaya-sistema-radiogid-rg-07: HTTPSConnectionPool(host='radio-tourist.ru', port=443): Max retries exceeded with url: /magazin/product/besprovodnaya-sistema-radiogid-rg-07 (Caused by ConnectTimeoutError(<HTTPSConnection(host='radio-tourist.ru', port=443) at 0x23235ef89b0>, 'Connection to radio-tourist.ru timed out. (connect timeout=30.0)'))
2026-09-18 07:31:52,875 WARNING radar.http: fetch error (1/3) https://radio-tourist.ru/magazin/product/zoweetek-z258-rozovyj: HTTPSConnectionPool(host='radio-tourist.ru', port=443): Max retries exceeded with url: /magazin/product/zoweetek-z258-rozovyj (Caused by ConnectTimeoutError(<HTTPSConnection(host='radio-tourist.ru', port=443) at 0x23235efac30>, 'Connection to radio-tourist.ru timed out. (connect timeout=30.0)'))
2026-09-18 07:32:15,976 WARNING radar.http: fetch error (2/3) https://radio-tourist.ru/magazin/product/zoweetek-z258-rozovyj: HTTPSConnectionPool(host='radio-tourist.ru', port=443): Max retries exceeded with url: /magazin/product/zoweetek-z258-rozovyj (Caused by ConnectTimeoutError(<HTTPSConnection(host='radio-tourist.ru', port=443) at 0x23235ef9be0>, 'Connection to radio-tourist.ru timed out. (connect timeout=30.0)'))
2026-09-18 07:32:41,088 WARNING radar.http: fetch error (3/3) https://radio-tourist.ru/magazin/product/zoweetek-z258-rozovyj: HTTPSConnectionPool(host='radio-tourist.ru', port=443): Max retries exceeded with url: /magazin/product/zoweetek-z258-rozovyj (Caused by ConnectTimeoutError(<HTTPSConnection(host='radio-tourist.ru', port=443) at 0x23235ef9760>, 'Connection to radio-tourist.ru timed out. (connect timeout=30.0)'))
2026-09-18 07:33:10,215 WARNING radar.http: fetch error (1/3) https://radio-tourist.ru/magazin/product/rolton-k-500-chernyj: HTTPSConnectionPool(host='radio-tourist.ru', port=443): Max retries exceeded with url: /magazin/product/rolton-k-500-chernyj (Caused by ConnectTimeoutError(<HTTPSConnection(host='radio-tourist.ru', port=443) at 0x23235ef8560>, 'Connection to radio-tourist.ru timed out. (connect timeout=30.0)'))
2026-09-18 07:33:33,351 WARNING radar.http: fetch error (2/3) https://radio-tourist.ru/magazin/product/rolton-k-500-chernyj: HTTPSConnectionPool(host='radio-tourist.ru', port=443): Max retries exceeded with url: /magazin/product/rolton-k-500-chernyj (Caused by ConnectTimeoutError(<HTTPSConnection(host='radio-tourist.ru', port=443) at 0x23233e9c3e0>, 'Connection to radio-tourist.ru timed out. (connect timeout=30.0)'))
2026-09-18 07:33:58,468 WARNING radar.http: fetch error (3/3) https://radio-tourist.ru/magazin/product/rolton-k-500-chernyj: HTTPSConnectionPool(host='radio-tourist.ru', port=443): Max retries exceeded with url: /magazin/product/rolton-k-500-chernyj (Caused by ConnectTimeoutError(<HTTPSConnection(host='radio-tourist.ru', port=443) at 0x232364bf680>, 'Connection to radio-tourist.ru timed out. (connect timeout=30.0)'))
2026-09-18 07:34:27,613 WARNING radar.http: fetch error (1/3) https://radio-tourist.ru/magazin/product/rolton-k-600: HTTPSConnectionPool(host='radio-tourist.ru', port=443): Max retries exceeded with url: /magazin/product/rolton-k-600 (Caused by ConnectTimeoutError(<HTTPSConnection(host='radio-tourist.ru', port=443) at 0x23235efa2a0>, 'Connection to radio-tourist.ru timed out. (connect timeout=30.0)'))
2026-09-18 07:34:50,723 WARNING radar.http: fetch error (2/3) https://radio-tourist.ru/magazin/product/rolton-k-600: HTTPSConnectionPool(host='radio-tourist.ru', port=443): Max retries exceeded with url: /magazin/product/rolton-k-600 (Caused by ConnectTimeoutError(<HTTPSConnection(host='radio-tourist.ru', port=443) at 0x23235efa540>, 'Connection to radio-tourist.ru timed out. (connect timeout=30.0)'))
2026-09-18 07:35:15,848 WARNING radar.http: fetch error (3/3) https://radio-tourist.ru/magazin/product/rolton-k-600: HTTPSConnectionPool(host='radio-tourist.ru', port=443): Max retries exceeded with url: /magazin/product/rolton-k-600 (Caused by ConnectTimeoutError(<HTTPSConnection(host='radio-tourist.ru', port=443) at 0x23235ef9e20>, 'Connection to radio-tourist.ru timed out. (connect timeout=30.0)'))
2026-09-18 07:35:44,960 WARNING radar.http: fetch error (1/3) https://radio-tourist.ru/magazin/product/usilitel-golosa-shidu-m100: HTTPSConnectionPool(host='radio-tourist.ru', port=443): Max retries exceeded with url: /magazin/product/usilitel-golosa-shidu-m100 (Caused by ConnectTimeoutError(<HTTPSConnection(host='radio-tourist.ru', port=443) at 0x23235ef8f50>, 'Connection to radio-tourist.ru timed out. (connect timeout=30.0)'))
2026-09-18 07:36:08,059 WARNING radar.http: fetch error (2/3) https://radio-tourist.ru/magazin/product/usilitel-golosa-shidu-m100: HTTPSConnectionPool(host='radio-tourist.ru', port=443): Max retries exceeded with url: /magazin/product/usilitel-golosa-shidu-m100 (Caused by ConnectTimeoutError(<HTTPSConnection(host='radio-tourist.ru', port=443) at 0x23233bc43b0>, 'Connection to radio-tourist.ru timed out. (connect timeout=30.0)'))
2026-09-18 07:36:33,135 WARNING radar.http: fetch error (3/3) https://radio-tourist.ru/magazin/product/usilitel-golosa-shidu-m100: HTTPSConnectionPool(host='radio-tourist.ru', port=443): Max retries exceeded with url: /magazin/product/usilitel-golosa-shidu-m100 (Caused by ConnectTimeoutError(<HTTPSConnection(host='radio-tourist.ru', port=443) at 0x23233bc52e0>, 'Connection to radio-tourist.ru timed out. (connect timeout=30.0)'))
2026-09-18 07:37:02,247 WARNING radar.http: fetch error (1/3) https://radio-tourist.ru/magazin/product/usilitel-golosa-shidu-s617: HTTPSConnectionPool(host='radio-tourist.ru', port=443): Max retries exceeded with url: /magazin/product/usilitel-golosa-shidu-s617 (Caused by ConnectTimeoutError(<HTTPSConnection(host='radio-tourist.ru', port=443) at 0x23235efbfe0>, 'Connection to radio-tourist.ru timed out. (connect timeout=30.0)'))
2026-09-18 07:37:25,355 WARNING radar.http: fetch error (2/3) https://radio-tourist.ru/magazin/product/usilitel-golosa-shidu-s617: HTTPSConnectionPool(host='radio-tourist.ru', port=443): Max retries exceeded with url: /magazin/product/usilitel-golosa-shidu-s617 (Caused by ConnectTimeoutError(<HTTPSConnection(host='radio-tourist.ru', port=443) at 0x23235ef9c10>, 'Connection to radio-tourist.ru timed out. (connect timeout=30.0)'))
2026-09-18 07:37:50,528 WARNING radar.http: fetch error (3/3) https://radio-tourist.ru/magazin/product/usilitel-golosa-shidu-s617: HTTPSConnectionPool(host='radio-tourist.ru', port=443): Max retries exceeded with url: /magazin/product/usilitel-golosa-shidu-s617 (Caused by ConnectTimeoutError(<HTTPSConnection(host='radio-tourist.ru', port=443) at 0x23235efb140>, 'Connection to radio-tourist.ru timed out. (connect timeout=30.0)'))
2026-09-18 07:38:19,646 WARNING radar.http: fetch error (1/3) https://radio-tourist.ru/magazin/product/usilitel-golosa-shidu-s611: HTTPSConnectionPool(host='radio-tourist.ru', port=443): Max retries exceeded with url: /magazin/product/usilitel-golosa-shidu-s611 (Caused by ConnectTimeoutError(<HTTPSConnection(host='radio-tourist.ru', port=443) at 0x23233bc6e70>, 'Connection to radio-tourist.ru timed out. (connect timeout=30.0)'))
2026-09-18 07:38:42,759 WARNING radar.http: fetch error (2/3) https://radio-tourist.ru/magazin/product/usilitel-golosa-shidu-s611: HTTPSConnectionPool(host='radio-tourist.ru', port=443): Max retries exceeded with url: /magazin/product/usilitel-golosa-shidu-s611 (Caused by ConnectTimeoutError(<HTTPSConnection(host='radio-tourist.ru', port=443) at 0x23233bc7080>, 'Connection to radio-tourist.ru timed out. (connect timeout=30.0)'))
2026-09-18 07:39:07,868 WARNING radar.http: fetch error (3/3) https://radio-tourist.ru/magazin/product/usilitel-golosa-shidu-s611: HTTPSConnectionPool(host='radio-tourist.ru', port=443): Max retries exceeded with url: /magazin/product/usilitel-golosa-shidu-s611 (Caused by ConnectTimeoutError(<HTTPSConnection(host='radio-tourist.ru', port=443) at 0x23233bc5790>, 'Connection to radio-tourist.ru timed out. (connect timeout=30.0)'))
2026-09-18 07:39:36,973 WARNING radar.http: fetch error (1/3) https://radio-tourist.ru/magazin/product/usilitel-golosa-shidu-s613: HTTPSConnectionPool(host='radio-tourist.ru', port=443): Max retries exceeded with url: /magazin/product/usilitel-golosa-shidu-s613 (Caused by ConnectTimeoutError(<HTTPSConnection(host='radio-tourist.ru', port=443) at 0x23235efa0c0>, 'Connection to radio-tourist.ru timed out. (connect timeout=30.0)'))
2026-09-18 07:40:00,065 WARNING radar.http: fetch error (2/3) https://radio-tourist.ru/magazin/product/usilitel-golosa-shidu-s613: HTTPSConnectionPool(host='radio-tourist.ru', port=443): Max retries exceeded with url: /magazin/product/usilitel-golosa-shidu-s613 (Caused by ConnectTimeoutError(<HTTPSConnection(host='radio-tourist.ru', port=443) at 0x23235efb9b0>, 'Connection to radio-tourist.ru timed out. (connect timeout=30.0)'))
2026-09-18 07:40:25,184 WARNING radar.http: fetch error (3/3) https://radio-tourist.ru/magazin/product/usilitel-golosa-shidu-s613: HTTPSConnectionPool(host='radio-tourist.ru', port=443): Max retries exceeded with url: /magazin/product/usilitel-golosa-shidu-s613 (Caused by ConnectTimeoutError(<HTTPSConnection(host='radio-tourist.ru', port=443) at 0x23235efa870>, 'Connection to radio-tourist.ru timed out. (connect timeout=30.0)'))
2026-09-18 07:40:54,280 WARNING radar.http: fetch error (1/3) https://radio-tourist.ru/magazin/product/usilitel-golosa-shidu-s258: HTTPSConnectionPool(host='radio-tourist.ru', port=443): Max retries exceeded with url: /magazin/product/usilitel-golosa-shidu-s258 (Caused by ConnectTimeoutError(<HTTPSConnection(host='radio-tourist.ru', port=443) at 0x23233bc4d40>, 'Connection to radio-tourist.ru timed out. (connect timeout=30.0)'))
2026-09-18 07:41:17,374 WARNING radar.http: fetch error (2/3) https://radio-tourist.ru/magazin/product/usilitel-golosa-shidu-s258: HTTPSConnectionPool(host='radio-tourist.ru', port=443): Max retries exceeded with url: /magazin/product/usilitel-golosa-shidu-s258 (Caused by ConnectTimeoutError(<HTTPSConnection(host='radio-tourist.ru', port=443) at 0x23233bc5b20>, 'Connection to radio-tourist.ru timed out. (connect timeout=30.0)'))
2026-09-18 07:41:42,486 WARNING radar.http: fetch error (3/3) https://radio-tourist.ru/magazin/product/usilitel-golosa-shidu-s258: HTTPSConnectionPool(host='radio-tourist.ru', port=443): Max retries exceeded with url: /magazin/product/usilitel-golosa-shidu-s258 (Caused by ConnectTimeoutError(<HTTPSConnection(host='radio-tourist.ru', port=443) at 0x23233bc66c0>, 'Connection to radio-tourist.ru timed out. (connect timeout=30.0)'))
2026-09-18 07:42:11,589 WARNING radar.http: fetch error (1/3) https://radio-tourist.ru/magazin/product/usilitel-golosa-shidu-s92: HTTPSConnectionPool(host='radio-tourist.ru', port=443): Max retries exceeded with url: /magazin/product/usilitel-golosa-shidu-s92 (Caused by ConnectTimeoutError(<HTTPSConnection(host='radio-tourist.ru', port=443) at 0x23233f30110>, 'Connection to radio-tourist.ru timed out. (connect timeout=30.0)'))
2026-09-18 07:42:34,698 WARNING radar.http: fetch error (2/3) https://radio-tourist.ru/magazin/product/usilitel-golosa-shidu-s92: HTTPSConnectionPool(host='radio-tourist.ru', port=443): Max retries exceeded with url: /magazin/product/usilitel-golosa-shidu-s92 (Caused by ConnectTimeoutError(<HTTPSConnection(host='radio-tourist.ru', port=443) at 0x23235ef8830>, 'Connection to radio-tourist.ru timed out. (connect timeout=30.0)'))
2026-09-18 07:42:59,799 WARNING radar.http: fetch error (3/3) https://radio-tourist.ru/magazin/product/usilitel-golosa-shidu-s92: HTTPSConnectionPool(host='radio-tourist.ru', port=443): Max retries exceeded with url: /magazin/product/usilitel-golosa-shidu-s92 (Caused by ConnectTimeoutError(<HTTPSConnection(host='radio-tourist.ru', port=443) at 0x23235ef9010>, 'Connection to radio-tourist.ru timed out. (connect timeout=30.0)'))
2026-09-18 07:43:28,893 WARNING radar.http: fetch error (1/3) https://radio-tourist.ru/magazin/folder/usiliteli-golosa: HTTPSConnectionPool(host='radio-tourist.ru', port=443): Max retries exceeded with url: /magazin/folder/usiliteli-golosa (Caused by ConnectTimeoutError(<HTTPSConnection(host='radio-tourist.ru', port=443) at 0x23233bc6d80>, 'Connection to radio-tourist.ru timed out. (connect timeout=30.0)'))
2026-09-18 07:43:52,017 WARNING radar.http: fetch error (2/3) https://radio-tourist.ru/magazin/folder/usiliteli-golosa: HTTPSConnectionPool(host='radio-tourist.ru', port=443): Max retries exceeded with url: /magazin/folder/usiliteli-golosa (Caused by ConnectTimeoutError(<HTTPSConnection(host='radio-tourist.ru', port=443) at 0x23233bc6c90>, 'Connection to radio-tourist.ru timed out. (connect timeout=30.0)'))
2026-09-18 07:44:17,129 WARNING radar.http: fetch error (3/3) https://radio-tourist.ru/magazin/folder/usiliteli-golosa: HTTPSConnectionPool(host='radio-tourist.ru', port=443): Max retries exceeded with url: /magazin/folder/usiliteli-golosa (Caused by ConnectTimeoutError(<HTTPSConnection(host='radio-tourist.ru', port=443) at 0x23233bc78f0>, 'Connection to radio-tourist.ru timed out. (connect timeout=30.0)'))
2026-09-18 07:44:46,285 WARNING radar.http: fetch error (1/3) https://radio-tourist.ru/magazin/folder/gromkogovoriteli: HTTPSConnectionPool(host='radio-tourist.ru', port=443): Max retries exceeded with url: /magazin/folder/gromkogovoriteli (Caused by ConnectTimeoutError(<HTTPSConnection(host='radio-tourist.ru', port=443) at 0x232334768d0>, 'Connection to radio-tourist.ru timed out. (connect timeout=30.0)'))
2026-09-18 07:45:09,396 WARNING radar.http: fetch error (2/3) https://radio-tourist.ru/magazin/folder/gromkogovoriteli: HTTPSConnectionPool(host='radio-tourist.ru', port=443): Max retries exceeded with url: /magazin/folder/gromkogovoriteli (Caused by ConnectTimeoutError(<HTTPSConnection(host='radio-tourist.ru', port=443) at 0x23235ef9010>, 'Connection to radio-tourist.ru timed out. (connect timeout=30.0)'))
2026-09-18 07:45:34,524 WARNING radar.http: fetch error (3/3) https://radio-tourist.ru/magazin/folder/gromkogovoriteli: HTTPSConnectionPool(host='radio-tourist.ru', port=443): Max retries exceeded with url: /magazin/folder/gromkogovoriteli (Caused by ConnectTimeoutError(<HTTPSConnection(host='radio-tourist.ru', port=443) at 0x23235ef8830>, 'Connection to radio-tourist.ru timed out. (connect timeout=30.0)'))
2026-09-18 07:46:03,688 WARNING radar.http: fetch error (1/3) https://radio-tourist.ru/magazin/folder/gromkogovoriteli-i-usiliteli-golosa-poyasnye: HTTPSConnectionPool(host='radio-tourist.ru', port=443): Max retries exceeded with url: /magazin/folder/gromkogovoriteli-i-usiliteli-golosa-poyasnye (Caused by ConnectTimeoutError(<HTTPSConnection(host='radio-tourist.ru', port=443) at 0x2323423cfe0>, 'Connection to radio-tourist.ru timed out. (connect timeout=30.0)'))
2026-09-18 07:46:26,811 WARNING radar.http: fetch error (2/3) https://radio-tourist.ru/magazin/folder/gromkogovoriteli-i-usiliteli-golosa-poyasnye: HTTPSConnectionPool(host='radio-tourist.ru', port=443): Max retries exceeded with url: /magazin/folder/gromkogovoriteli-i-usiliteli-golosa-poyasnye (Caused by ConnectTimeoutError(<HTTPSConnection(host='radio-tourist.ru', port=443) at 0x23233bc7e00>, 'Connection to radio-tourist.ru timed out. (connect timeout=30.0)'))
2026-09-18 07:46:51,915 WARNING radar.http: fetch error (3/3) https://radio-tourist.ru/magazin/folder/gromkogovoriteli-i-usiliteli-golosa-poyasnye: HTTPSConnectionPool(host='radio-tourist.ru', port=443): Max retries exceeded with url: /magazin/folder/gromkogovoriteli-i-usiliteli-golosa-poyasnye (Caused by ConnectTimeoutError(<HTTPSConnection(host='radio-tourist.ru', port=443) at 0x23233bc44a0>, 'Connection to radio-tourist.ru timed out. (connect timeout=30.0)'))
2026-09-18 07:47:21,081 WARNING radar.http: fetch error (1/3) https://radio-tourist.ru/magazin/folder/usiliteli-golosa-zoweetek: HTTPSConnectionPool(host='radio-tourist.ru', port=443): Max retries exceeded with url: /magazin/folder/usiliteli-golosa-zoweetek (Caused by ConnectTimeoutError(<HTTPSConnection(host='radio-tourist.ru', port=443) at 0x23235f7c110>, 'Connection to radio-tourist.ru timed out. (connect timeout=30.0)'))
2026-09-18 07:47:44,217 WARNING radar.http: fetch error (2/3) https://radio-tourist.ru/magazin/folder/usiliteli-golosa-zoweetek: HTTPSConnectionPool(host='radio-tourist.ru', port=443): Max retries exceeded with url: /magazin/folder/usiliteli-golosa-zoweetek (Caused by ConnectTimeoutError(<HTTPSConnection(host='radio-tourist.ru', port=443) at 0x23235efb110>, 'Connection to radio-tourist.ru timed out. (connect timeout=30.0)'))
2026-09-18 07:48:09,341 WARNING radar.http: fetch error (3/3) https://radio-tourist.ru/magazin/folder/usiliteli-golosa-zoweetek: HTTPSConnectionPool(host='radio-tourist.ru', port=443): Max retries exceeded with url: /magazin/folder/usiliteli-golosa-zoweetek (Caused by ConnectTimeoutError(<HTTPSConnection(host='radio-tourist.ru', port=443) at 0x23235ef97c0>, 'Connection to radio-tourist.ru timed out. (connect timeout=30.0)'))
2026-09-18 07:48:38,444 WARNING radar.http: fetch error (1/3) https://radio-tourist.ru/magazin/folder/usiliteli-golosa-rolton: HTTPSConnectionPool(host='radio-tourist.ru', port=443): Max retries exceeded with url: /magazin/folder/usiliteli-golosa-rolton (Caused by ConnectTimeoutError(<HTTPSConnection(host='radio-tourist.ru', port=443) at 0x23233bc4470>, 'Connection to radio-tourist.ru timed out. (connect timeout=30.0)'))
2026-09-18 07:49:01,574 WARNING radar.http: fetch error (2/3) https://radio-tourist.ru/magazin/folder/usiliteli-golosa-rolton: HTTPSConnectionPool(host='radio-tourist.ru', port=443): Max retries exceeded with url: /magazin/folder/usiliteli-golosa-rolton (Caused by ConnectTimeoutError(<HTTPSConnection(host='radio-tourist.ru', port=443) at 0x23233bc4620>, 'Connection to radio-tourist.ru timed out. (connect timeout=30.0)'))
2026-09-18 07:49:26,688 WARNING radar.http: fetch error (3/3) https://radio-tourist.ru/magazin/folder/usiliteli-golosa-rolton: HTTPSConnectionPool(host='radio-tourist.ru', port=443): Max retries exceeded with url: /magazin/folder/usiliteli-golosa-rolton (Caused by ConnectTimeoutError(<HTTPSConnection(host='radio-tourist.ru', port=443) at 0x23233bc7650>, 'Connection to radio-tourist.ru timed out. (connect timeout=30.0)'))
2026-09-18 07:49:55,775 WARNING radar.http: fetch error (1/3) https://radio-tourist.ru/magazin/folder/usiliteli-golosa-shidu-2: HTTPSConnectionPool(host='radio-tourist.ru', port=443): Max retries exceeded with url: /magazin/folder/usiliteli-golosa-shidu-2 (Caused by ConnectTimeoutError(<HTTPSConnection(host='radio-tourist.ru', port=443) at 0x232364bb140>, 'Connection to radio-tourist.ru timed out. (connect timeout=30.0)'))
2026-09-18 07:50:18,884 WARNING radar.http: fetch error (2/3) https://radio-tourist.ru/magazin/folder/usiliteli-golosa-shidu-2: HTTPSConnectionPool(host='radio-tourist.ru', port=443): Max retries exceeded with url: /magazin/folder/usiliteli-golosa-shidu-2 (Caused by ConnectTimeoutError(<HTTPSConnection(host='radio-tourist.ru', port=443) at 0x23233bc54f0>, 'Connection to radio-tourist.ru timed out. (connect timeout=30.0)'))
2026-09-18 07:50:43,990 WARNING radar.http: fetch error (3/3) https://radio-tourist.ru/magazin/folder/usiliteli-golosa-shidu-2: HTTPSConnectionPool(host='radio-tourist.ru', port=443): Max retries exceeded with url: /magazin/folder/usiliteli-golosa-shidu-2 (Caused by ConnectTimeoutError(<HTTPSConnection(host='radio-tourist.ru', port=443) at 0x23233bc4f50>, 'Connection to radio-tourist.ru timed out. (connect timeout=30.0)'))
2026-09-18 07:53:08,901 WARNING radar.http: fetch error (1/3) https://1okey.ru/chem-otlichayutsya-naushniki-dlya-ekskursij-ot-obychnyh: HTTPSConnectionPool(host='1okey.ru', port=443): Max retries exceeded with url: /chem-otlichayutsya-naushniki-dlya-ekskursij-ot-obychnyh (Caused by SSLError(SSLCertVerificationError(1, "[SSL: CERTIFICATE_VERIFY_FAILED] certificate verify failed: Hostname mismatch, certificate is not valid for '1okey.ru'. (_ssl.c:1010)")))
2026-09-18 07:53:11,716 WARNING radar.http: fetch error (2/3) https://1okey.ru/chem-otlichayutsya-naushniki-dlya-ekskursij-ot-obychnyh: HTTPSConnectionPool(host='1okey.ru', port=443): Max retries exceeded with url: /chem-otlichayutsya-naushniki-dlya-ekskursij-ot-obychnyh (Caused by SSLError(SSLCertVerificationError(1, "[SSL: CERTIFICATE_VERIFY_FAILED] certificate verify failed: Hostname mismatch, certificate is not valid for '1okey.ru'. (_ssl.c:1010)")))
2026-09-18 07:53:16,519 WARNING radar.http: fetch error (3/3) https://1okey.ru/chem-otlichayutsya-naushniki-dlya-ekskursij-ot-obychnyh: HTTPSConnectionPool(host='1okey.ru', port=443): Max retries exceeded with url: /chem-otlichayutsya-naushniki-dlya-ekskursij-ot-obychnyh (Caused by SSLError(SSLCertVerificationError(1, "[SSL: CERTIFICATE_VERIFY_FAILED] certificate verify failed: Hostname mismatch, certificate is not valid for '1okey.ru'. (_ssl.c:1010)")))
2026-09-18 07:53:35,230 INFO radar.signals: signals: {'competitor_price_change': 0, 'new_category': 0, 'multi_competitor': 0, 'demand': 0, 'new_use_case': 0}
2026-09-18 07:53:35,281 INFO radar.scheduler: job competitors: {'competitors': {'pages': 1330, 'seen': 1526, 'changed': 834, 'errors': 56}, 'analysis': {'matching': {'competitor_products': 1582, 'created': 97, 'updated': 2557, 'photo': {'created': 0, 'boosted': 1, 'noted': 0}}, 'signals': {'competitor_price_change': 0, 'new_category': 0, 'multi_competitor': 0, 'demand': 0, 'new_use_case': 0}, 'recommendations': 0, 'hypotheses': 0}}
2026-09-18 07:53:35,284 INFO apscheduler.executors.default: Job "_run_job (trigger: cron[hour='6', minute='0'], next run at: 2026-09-19 06:00:00 MSK)" executed successfully
2026-09-18 17:18:24,462 INFO apscheduler.scheduler: Adding job tentatively -- it will be properly scheduled when the scheduler starts
2026-09-18 17:18:24,462 INFO apscheduler.scheduler: Adding job tentatively -- it will be properly scheduled when the scheduler starts
2026-09-18 17:18:24,462 INFO apscheduler.scheduler: Adding job tentatively -- it will be properly scheduled when the scheduler starts
2026-09-18 17:18:24,462 INFO apscheduler.scheduler: Adding job tentatively -- it will be properly scheduled when the scheduler starts
2026-09-18 17:18:24,467 INFO apscheduler.scheduler: Added job "_run_job" to job store "default"
2026-09-18 17:18:24,467 INFO apscheduler.scheduler: Added job "_run_job" to job store "default"
2026-09-18 17:18:24,467 INFO apscheduler.scheduler: Added job "_run_job" to job store "default"
2026-09-18 17:18:24,467 INFO apscheduler.scheduler: Added job "_run_job" to job store "default"
2026-09-18 17:18:24,467 INFO apscheduler.scheduler: Scheduler started
2026-09-18 17:18:24,467 INFO radar.scheduler: scheduler started
